frequency,intensity
nm^{-1},[a.u.]
0,2.75986
0.004,8.13782
0.008,11.5738
0.012,9.00133
0.016,10.313
0.02,11.0728
0.024,10.4058
0.028,8.9614
0.032,8.70186
0.036,9.01157
0.04,8.85802
0.044,9.07055
0.048,9.08089
0.052,11.1215
0.056,10.3857
0.06,9.26325
0.064,9.54082
0.068,10.6595
0.072,9.90913
0.076,9.29646
0.08,10.7383
0.084,9.5821
0.088,9.25091
0.092,10.0862
0.096,10.0592
0.1,10.3541
0.104,10.2378
0.108,9.7585
0.112,9.48345
0.116,9.12297
0.12,9.77808
0.124,9.68611
0.128,10.4526
0.132,10.1047
0.136,9.92565
0.14,9.3626
0.144,10.1918
0.148,10.2476
0.152,10.9871
0.156,11.6781
0.16,14.2682
0.164,19.2814
0.168,25.3971
0.172,34.6406
0.176,48.6887
0.18,75.678
0.184,120.81
0.188,182.359
0.192,243.121
0.196,293.017
0.2,335.71
0.204,374.644
0.208,405.775
0.212,431.527
0.216,451.825
0.22,465.381
0.224,477.455
0.228,488.078
0.232,497.713
0.236,504.625
0.24,509.496
0.244,515.209
0.248,519.613
0.252,525.99
0.256,531.186
0.26,531.503
0.264,531.745
0.268,531.426
0.272,531.783
0.276,530.514
0.28,533.042
0.284,536.532
0.288,540.697
0.292,544.731
0.296,547.365
0.3,547.475
0.304,547.96
0.308,551.523
0.312,554.486
0.316,556.253
0.32,552.329
0.324,545.375
0.328,539.123
0.332,532.433
0.336,522.867
0.34,512.618
0.344,500.651
0.348,488.701
0.352,478.182
0.356,467.612
0.36,458.085
0.364,450.245
0.368,440.886
0.372,430.993
0.376,420.739
0.38,412.351
0.384,404.493
0.388,397.834
0.392,390.631
0.396,383.098
0.4,376.102
0.404,369.334
0.408,364.145
0.412,357.585
0.416,350.257
0.42,343.567
0.424,337.48
0.428,330.485
0.432,325.42
0.436,320.928
0.44,315.164
0.444,308.259
0.448,303.647
0.452,299.105
0.456,292.322
0.46,288.274
0.464,284.352
0.468,280.253
0.472,276.466
0.476,271.24
0.48,267.08
0.484,263.558
0.488,259.332
0.492,255.139
0.496,251.927
0.5,247.628
0.504,243.192
0.508,239.678
0.512,236.362
0.516,233.103
0.52,229.683
0.524,226.348
0.528,223.151
0.532,220.195
0.536,217.383
0.54,214.811
0.544,212.322
0.548,209.405
0.552,206.442
0.556,203.064
0.56,199.326
0.564,196.783
0.568,195.412
0.572,193.625
0.576,190.449
0.58,188.048
0.584,186.226
0.588,184.003
0.592,180.659
0.596,178.024
0.6,175.684
0.604,172.892
0.608,170.069
0.612,168.167
0.616,166.949
0.62,164.949
0.624,162.479
0.628,160.205
0.632,159.933
0.636,158.258
0.64,155.615
0.644,154.981
0.648,152.729
0.652,150.772
0.656,149.418
0.66,148.099
0.664,146.458
0.668,144.536
0.672,142.873
0.676,141.4
0.68,140.531
0.684,138.24
0.688,136.431
0.692,135.739
0.696,133.132
0.7,132.019
0.704,130.208
0.708,128.685
0.712,128.232
0.716,127.273
0.72,126.333
0.724,124.99
0.728,123.864
0.732,122.657
0.736,121.727
0.74,120.386
0.744,118.424
0.748,117.234
0.752,116.102
0.756,115.112
0.76,114.203
0.764,113.358
0.768,112.244
0.772,111.713
0.776,110.78
0.78,110.589
0.784,108.702
0.788,107.387
0.792,105.922
0.796,105.178
0.8,103.904
0.804,103.091
0.808,102.144
0.812,100.824
0.816,100
0.82,99.0074
0.824,98.7091
0.828,98.5162
0.832,98.1502
0.836,96.4551
0.84,95.6468
0.844,95.0393
0.848,93.9915
0.852,93.6868
0.856,93.2431
0.86,92.0595
0.864,91.3578
0.868,90.0269
0.872,88.3977
0.876,87.5328
0.88,86.7364
0.884,85.9862
0.888,85.4921
0.892,85.5026
0.896,85.1306
0.9,84.3117
0.904,83.7342
0.908,83.1665
0.912,82.116
0.916,82.0048
0.92,81.0808
0.924,81.0433
0.928,80.475
0.932,79.9762
0.936,79.3919
0.94,78.5733
0.944,78.132
0.948,77.6436
0.952,77.5914
0.956,76.8138
0.96,76.1124
0.964,75.2772
0.968,74.8743
0.972,74.8349
0.976,74.0693
0.98,73.1826
0.984,73.3841
0.988,73.0793
0.992,71.7255
0.996,70.8529
1,70.295
1.004,70.1176
1.008,70.2446
1.012,69.4854
1.016,68.7228
1.02,68.2203
1.024,67.7224
1.028,67.4639
1.032,66.4467
1.036,66.6078
1.04,65.6764
1.044,65.732
1.048,65.2345
1.052,64.3517
1.056,64.5162
1.06,64.2619
1.064,63.7904
1.068,62.6943
1.072,62.8227
1.076,62.5715
1.08,62.2146
1.084,61.9702
1.088,62.2674
1.092,61.7138
1.096,60.9178
1.1,60.4318
1.104,60.1171
1.108,59.4599
1.112,59.1318
1.116,58.9459
1.12,59.0028
1.124,58.3196
1.128,58.3455
1.132,56.9446
1.136,57.5288
1.14,57.5066
1.144,56.5785
1.148,56.2695
1.152,55.732
1.156,55.7142
1.16,55.519
1.164,55.7903
1.168,54.4997
1.172,53.9857
1.176,54.1178
1.18,53.5709
1.184,53.7383
1.188,53.3392
1.192,52.9559
1.196,53.2418
1.2,52.8249
1.204,52.113
1.208,52.3478
1.212,51.8979
1.216,51.609
1.22,51.8719
1.224,51.3309
1.228,51.0348
1.232,50.827
1.236,50.6106
1.24,49.8972
1.244,49.7725
1.248,49.5074
1.252,49.1876
1.256,48.9605
1.26,48.7301
1.264,48.5486
1.268,48.7363
1.272,48.2313
1.276,47.9701
1.28,48.1279
1.284,47.3033
1.288,47.2085
1.292,47.3663
1.296,46.9363
1.3,46.7541
1.304,46.5004
1.308,46.4507
1.312,45.4924
1.316,45.172
1.32,45.0492
1.324,45.2401
1.328,44.8275
1.332,44.6808
1.336,44.7762
1.34,44.5718
1.344,44.2993
1.348,44.2671
1.352,43.6232
1.356,43.3577
1.36,43.3434
1.364,42.9971
1.368,42.8337
1.372,43.0464
1.376,43.1535
1.38,42.4348
1.384,42.5386
1.388,42.21
1.392,42.18
1.396,42.2155
1.4,42.3012
1.404,41.6355
1.408,41.6114
1.412,41.7493
1.416,41.7038
1.42,41.6866
1.424,41.3892
1.428,40.9941
1.432,40.7367
1.436,40.7012
1.44,40.2247
1.444,40.1132
1.448,40.0239
1.452,39.8797
1.456,40.1345
1.46,40.0603
1.464,39.6931
1.468,39.1936
1.472,39.4166
1.476,39.3013
1.48,38.9037
1.484,39.2767
1.488,38.9859
1.492,38.899
1.496,38.4639
1.5,37.9437
1.504,38.145
1.508,37.9519
1.512,37.8124
1.516,37.9361
1.52,37.9652
1.524,37.4182
1.528,38.0134
1.532,37.6501
1.536,37.6635
1.54,38.1161
1.544,37.3547
1.548,36.7066
1.552,36.7868
1.556,36.9454
1.56,37.3663
1.564,37.1795
1.568,36.8233
1.572,36.5078
1.576,36.3839
1.58,36.2567
1.584,36.1257
1.588,36.1873
1.592,35.8547
1.596,35.6364
1.6,36.08
1.604,36.1061
1.608,35.7632
1.612,35.3766
1.616,35.1643
1.62,35.6041
1.624,35.2012
1.628,35.1624
1.632,34.9186
1.636,34.7583
1.64,35.0052
1.644,35.208
1.648,34.8254
1.652,34.7763
1.656,34.7268
1.66,34.6453
1.664,34.6133
1.668,34.641
1.672,33.9108
1.676,34.1291
1.68,34.4518
1.684,34.131
1.688,34.2439
1.692,34.0385
1.696,34.0045
1.7,33.8869
1.704,34.1288
1.708,33.5751
1.712,33.2331
1.716,32.9394
1.72,33.2318
1.724,33.8972
1.728,33.1804
1.732,33.0361
1.736,33.1994
1.74,33.2429
1.744,33.4573
1.748,33.409
1.752,33.1119
1.756,33.0366
1.76,32.5653
1.764,32.7375
1.768,32.4027
1.772,32.4469
1.776,32.6128
1.78,32.4818
1.784,32.2249
1.788,32.3936
1.792,32.36
1.796,32.3969
1.8,32.4275
1.804,32.548
1.808,32.6007
1.812,32.7357
1.816,32.1996
1.82,32.0196
1.824,32.0775
1.828,31.7299
1.832,32.0835
1.836,32.3956
1.84,31.935
1.844,31.6973
1.848,31.8646
1.852,31.8322
1.856,31.675
1.86,31.8949
1.864,31.8187
1.868,31.6275
1.872,31.57
1.876,31.4453
1.88,31.3845
1.884,31.3407
1.888,31.492
1.892,31.514
1.896,31.4862
1.9,31.5622
1.904,31.645
1.908,31.3347
1.912,31.2293
1.916,31.5492
1.92,31.442
1.924,31.5076
1.928,31.1444
1.932,31.1826
1.936,30.6526
1.94,30.9822
1.944,30.8426
1.948,30.6462
1.952,30.5595
1.956,30.3047
1.96,30.3886
1.964,30.5108
1.968,30.3191
1.972,30.4123
1.976,30.5177
1.98,30.2377
1.984,30.0278
1.988,30.1303
1.992,29.8329
1.996,29.9036
2,30.1907
2.004,30.2519
2.008,29.9928
2.012,30.0331
2.016,29.6304
2.02,29.4708
2.024,29.7634
2.028,29.579
2.032,29.8515
2.036,29.7362
2.04,29.8223
2.044,29.1361
2.048,29.3117
2.052,29.4229
2.056,29.3868
2.06,29.0607
2.064,28.9646
2.068,28.7924
2.072,28.6148
2.076,28.5919
2.08,28.7804
2.084,28.9059
2.088,28.9502
2.092,28.6911
2.096,28.843
2.1,28.933
2.104,28.4783
2.108,28.22
2.112,28.3604
2.116,28.3397
2.12,27.8787
2.124,27.8459
2.128,28.0643
2.132,28.2627
2.136,28.2636
2.14,28.2249
2.144,28.1203
2.148,27.8797
2.152,27.7341
2.156,27.7798
2.16,27.7937
2.164,27.72
2.168,27.1239
2.172,26.934
2.176,27.0296
2.18,27.0873
2.184,27.3677
2.188,27.4623
2.192,27.2843
2.196,27.2715
2.2,27.0178
2.204,26.6203
2.208,26.6498
2.212,26.649
2.216,26.5783
2.22,26.2289
2.224,26.5511
2.228,26.6987
2.232,26.5849
2.236,26.3782
2.24,26.0248
2.244,25.7896
2.248,26.021
2.252,25.743
2.256,26.1936
2.26,26.2051
2.264,25.8263
2.268,25.8965
2.272,25.6604
2.276,25.4657
2.28,25.3726
2.284,25.1748
2.288,25.4352
2.292,25.3249
2.296,25.4466
2.3,25.0675
2.304,24.7596
2.308,24.7614
2.312,24.6569
2.316,24.6531
2.32,24.463
2.324,24.7248
2.328,24.7166
2.332,24.5382
2.336,24.3964
2.34,24.3351
2.344,24.3039
2.348,24.3131
2.352,24.2582
2.356,23.9729
2.36,23.9264
2.364,23.941
2.368,23.7264
2.372,23.7199
2.376,23.6336
2.38,23.3676
2.384,23.8581
2.388,23.9613
2.392,23.676
2.396,23.329
2.4,23.4528
2.404,23.4274
2.408,23.7339
2.412,23.2153
2.416,23.0968
2.42,23.1007
2.424,22.9142
2.428,22.6804
2.432,23.041
2.436,22.7177
2.44,22.6775
2.444,22.7845
2.448,22.61
2.452,22.3189
2.456,22.4284
2.46,22.53
2.464,22.595
2.468,22.4004
2.472,21.9278
2.476,22.019
2.48,21.9892
2.484,21.977
2.488,21.8062
2.492,21.9197
2.496,21.6108
2.5,21.6073
2.504,21.7402
2.508,21.751
2.512,21.7094
2.516,21.4819
2.52,21.1814
2.524,21.4978
2.528,21.5557
2.532,21.352
2.536,21.2392
2.54,21.2134
2.544,21.1671
2.548,21.1925
2.552,21.175
2.556,21.0855
2.56,20.8686
2.564,20.8526
2.568,20.9483
2.572,21.0009
2.576,20.8412
2.58,20.732
2.584,20.5103
2.588,20.6432
2.592,20.4742
2.596,20.3448
2.6,20.2477
2.604,20.2113
2.608,20.1842
2.612,20.0989
2.616,20.3126
2.62,20.037
2.624,20.0827
2.628,19.938
2.632,20.0704
2.636,20.039
2.64,20.0363
2.644,20.4984
2.648,19.9236
2.652,19.8417
2.656,19.7286
2.66,19.6843
2.664,19.7046
2.668,19.8132
2.672,19.7433
2.676,19.427
2.68,19.4453
2.684,19.3277
2.688,19.4641
2.692,19.2778
2.696,19.3765
2.7,19.2553
2.704,19.2965
2.708,19.095
2.712,19.0508
2.716,18.9118
2.72,18.9368
2.724,19.1852
2.728,18.8264
2.732,19.0252
2.736,19.2139
2.74,18.8739
2.744,19.0294
2.748,18.8626
2.752,18.6906
2.756,18.7795
2.76,18.7986
2.764,18.6037
2.768,18.7344
2.772,18.9168
2.776,18.5821
2.78,18.4924
2.784,18.4819
2.788,18.3677
2.792,18.3451
2.796,18.1981
2.8,17.9301
2.804,18.2127
2.808,18.0718
2.812,17.9892
2.816,17.9081
2.82,18.0683
2.824,18.2649
2.828,18.1143
2.832,18.0529
2.836,18.2581
2.84,17.7221
2.844,17.9803
2.848,18.04
2.852,18.0267
2.856,18.0745
2.86,17.9838
2.864,17.8203
2.868,17.8647
2.872,17.5193
2.876,17.3971
2.88,17.4409
2.884,17.4982
2.888,17.5698
2.892,17.3879
2.896,17.3534
2.9,17.5377
2.904,17.4552
2.908,17.4554
2.912,17.3836
2.916,17.2213
2.92,17.3895
2.924,17.7308
2.928,17.0703
2.932,16.8486
2.936,17.0973
2.94,17.0529
2.944,17.3785
2.948,17.1812
2.952,16.9516
2.956,16.7993
2.96,16.8754
2.964,16.8291
2.968,16.7892
2.972,16.8591
2.976,16.8345
2.98,16.9447
2.984,16.8914
2.988,16.6199
2.992,16.7874
2.996,17.1563
3,16.8094
3.004,17.0089
3.008,16.9495
3.012,16.9395
3.016,16.543
3.02,16.5779
3.024,16.5453
3.028,16.4007
3.032,16.2388
3.036,16.4559
3.04,16.4337
3.044,16.3278
3.048,16.2056
3.052,16.3003
3.056,16.2221
3.06,16.2055
3.064,16.1533
3.068,16.4617
3.072,16.0767
3.076,16.0075
3.08,16.0361
3.084,16.0362
3.088,15.9812
3.092,16.1446
3.096,16.1206
3.1,15.7778
3.104,15.9563
3.108,16.0776
3.112,15.9702
3.116,15.9357
3.12,16.142
3.124,15.9622
3.128,15.9345
3.132,15.9577
3.136,15.7091
3.14,15.6297
3.144,15.5688
3.148,15.5849
3.152,15.4817
3.156,15.5927
3.16,15.6005
3.164,15.5109
3.168,15.6044
3.172,15.6904
3.176,16.0162
3.18,15.7658
3.184,15.6589
3.188,15.6403
3.192,15.4226
3.196,15.6025
3.2,15.7209
3.204,15.637
3.208,15.6467
3.212,15.1804
3.216,15.1219
3.22,15.373
3.224,15.3457
3.228,15.236
3.232,15.3566
3.236,15.5526
3.24,15.0398
3.244,14.9764
3.248,15.2792
3.252,15.1829
3.256,15.1026
3.26,14.9253
3.264,15.3236
3.268,14.9462
3.272,15.0769
3.276,14.956
3.28,15.0423
3.284,15.0151
3.288,14.9425
3.292,14.9979
3.296,15.0229
3.3,15.0444
3.304,14.9478
3.308,14.8841
3.312,15.1184
3.316,15.1375
3.32,15.056
3.324,14.9036
3.328,14.6344
3.332,14.6642
3.336,14.3619
3.34,14.6197
3.344,14.6125
3.348,14.6785
3.352,14.8257
3.356,14.6826
3.36,14.64
3.364,14.3695
3.368,14.4036
3.372,14.5662
3.376,14.4875
3.38,14.5129
3.384,14.342
3.388,14.1607
3.392,14.3128
3.396,14.3588
3.4,14.1755
3.404,14.208
3.408,14.3101
3.412,14.4241
3.416,14.3211
3.42,14.5054
3.424,14.5812
3.428,14.2873
3.432,14.4097
3.436,14.3623
3.44,14.2204
3.444,14.1135
3.448,13.8556
3.452,14.088
3.456,14.1106
3.46,14.1567
3.464,14.0803
3.468,14.1172
3.472,14.0858
3.476,14.3851
3.48,14.2215
3.484,14.0632
3.488,14.0022
3.492,13.9971
3.496,14.2684
3.5,14.005
3.504,13.9447
3.508,13.771
3.512,13.7528
3.516,13.9345
3.52,13.8547
3.524,13.5775
3.528,13.8296
3.532,13.7413
3.536,13.8221
3.54,13.8333
3.544,13.6821
3.548,13.6128
3.552,13.8407
3.556,13.7512
3.56,13.7593
3.564,13.512
3.568,13.5162
3.572,13.5431
3.576,13.4961
3.58,13.2858
3.584,13.5264
3.588,13.6907
3.592,13.4429
3.596,13.5529
3.6,13.7813
3.604,13.461
3.608,13.7042
3.612,13.463
3.616,13.3315
3.62,13.5897
3.624,13.4201
3.628,13.3452
3.632,13.4903
3.636,13.4191
3.64,13.3627
3.644,13.4724
3.648,13.3169
3.652,13.1094
3.656,13.4181
3.66,13.4989
3.664,13.2757
3.668,13.139
3.672,13.3801
3.676,13.1871
3.68,13.3059
3.684,13.253
3.688,13.3572
3.692,13.1425
3.696,13.108
3.7,13.2524
3.704,13.5986
3.708,13.2512
3.712,13.1513
3.716,12.8299
3.72,13.1564
3.724,13.1294
3.728,13.0721
3.732,13.1491
3.736,12.989
3.74,13.0636
3.744,12.9819
3.748,13.3024
3.752,13.1082
3.756,13.0685
3.76,12.9806
3.764,12.8265
3.768,12.9311
3.772,12.9268
3.776,12.9769
3.78,12.8527
3.784,12.9322
3.788,12.7727
3.792,12.8842
3.796,13.1318
3.8,13.1157
3.804,12.9474
3.808,13.005
3.812,12.558
3.816,12.5881
3.82,12.7523
3.824,12.6369
3.828,12.7251
3.832,12.8645
3.836,12.8853
3.84,12.7121
3.844,12.7633
3.848,12.6171
3.852,12.418
3.856,12.5523
3.86,12.5672
3.864,12.819
3.868,12.9145
3.872,12.5156
3.876,12.6101
3.88,12.7058
3.884,12.7667
3.888,12.6183
3.892,12.4323
3.896,12.567
3.9,12.827
3.904,12.7814
3.908,12.5414
3.912,12.4882
3.916,12.4967
3.92,12.5449
3.924,12.3048
3.928,12.3096
3.932,12.5085
3.936,12.483
3.94,12.2799
3.944,12.4068
3.948,12.3661
3.952,12.375
3.956,12.2913
3.96,12.4659
3.964,12.5948
3.968,12.7372
3.972,12.3966
3.976,12.3056
3.98,12.4536
3.984,12.376
3.988,12.132
3.992,12.2872
3.996,12.2521
4,12.6493
4.004,12.3807
4.008,12.3908
4.012,12.3418
4.016,12.0897
4.02,12.5166
4.024,12.6478
4.028,12.5593
4.032,12.3383
4.036,12.3588
4.04,12.4233
4.044,12.2502
4.048,12.2113
4.052,12.3191
4.056,12.1739
4.06,12.336
4.064,12.2862
4.068,12.3578
4.072,12.2535
4.076,12.3304
4.08,12.3437
4.084,12.3791
4.088,12.3064
4.092,12.2902
4.096,12.5009
4.1,12.0978
4.104,12.2233
4.108,12.1948
4.112,12.0425
4.116,12.0373
4.12,11.934
4.124,12.0863
4.128,12.177
4.132,12.2445
4.136,12.3823
4.14,12.1483
4.144,12.2453
4.148,12.308
4.152,12.0191
4.156,11.9709
4.16,12.1003
4.164,12.077
4.168,12.005
4.172,12.1734
4.176,12.0996
4.18,12.0061
4.184,12.2028
4.188,12.0394
4.192,12.0972
4.196,11.8413
4.2,12.198
4.204,12.0069
4.208,11.9919
4.212,11.8757
4.216,12.0973
4.22,11.8653
4.224,11.8604
4.228,11.8932
4.232,11.6993
4.236,11.6545
4.24,11.7511
4.244,11.892
4.248,12.1021
4.252,12.1093
4.256,11.8457
4.26,11.8823
4.264,11.6325
4.268,11.9141
4.272,11.9897
4.276,11.9703
4.28,11.8643
4.284,11.9139
4.288,11.7768
4.292,12.1169
4.296,11.9977
4.3,11.733
4.304,11.7046
4.308,11.7472
4.312,11.7436
4.316,11.8635
4.32,11.7678
4.324,11.7096
4.328,11.5707
4.332,11.6702
4.336,11.7596
4.34,11.9153
4.344,11.9364
4.348,11.9527
4.352,11.8507
4.356,11.6893
4.36,11.7532
4.364,11.4046
4.368,11.5579
4.372,11.817
4.376,11.8833
4.38,11.7358
4.384,11.7934
4.388,11.999
4.392,12.0026
4.396,11.9441
4.4,11.6164
4.404,11.623
4.408,11.7903
4.412,11.7585
4.416,11.6565
4.42,11.7355
4.424,11.7647
4.428,11.7577
4.432,11.5101
4.436,11.7737
4.44,11.7694
4.444,11.4678
4.448,11.3251
4.452,11.3199
4.456,11.7117
4.46,11.6082
4.464,11.7997
4.468,11.7111
4.472,11.4152
4.476,11.5991
4.48,11.5769
4.484,11.6536
4.488,11.5029
4.492,11.6746
4.496,11.7061
4.5,11.6908
4.504,11.5562
4.508,11.4432
4.512,11.8184
4.516,11.7356
4.52,11.7893
4.524,11.489
4.528,11.4227
4.532,11.4548
4.536,11.4442
4.54,11.6417
4.544,11.4673
4.548,11.5151
4.552,11.8241
4.556,11.6098
4.56,11.7638
4.564,11.5499
4.568,11.2124
4.572,11.2713
4.576,11.3565
4.58,11.5287
4.584,11.5516
4.588,11.6978
4.592,11.5207
4.596,11.3697
4.6,11.3757
4.604,11.4662
4.608,11.376
4.612,11.3589
4.616,11.3345
4.62,11.5705
4.624,11.5483
4.628,11.2667
4.632,11.3115
4.636,11.4439
4.64,11.3188
4.644,11.5519
4.648,11.5102
4.652,11.6312
4.656,11.4929
4.66,11.4332
4.664,11.334
4.668,11.322
4.672,11.3489
4.676,11.3142
4.68,11.2706
4.684,11.2495
4.688,11.3432
4.692,11.5013
4.696,11.3872
4.7,11.3736
4.704,11.2127
4.708,11.4034
4.712,11.3653
4.716,11.4784
4.72,11.3853
4.724,11.392
4.728,11.2898
4.732,11.2247
4.736,11.3797
4.74,11.3586
4.744,11.4376
4.748,11.3649
4.752,11.3353
4.756,11.3014
4.76,11.2262
4.764,11.1854
4.768,11.2223
4.772,11.2245
4.776,11.2724
4.78,11.1159
4.784,11.0991
4.788,11.1995
4.792,11.3305
4.796,11.1527
4.8,11.2973
4.804,11.2379
4.808,11.2489
4.812,11.3793
4.816,11.2546
4.82,11.4039
4.824,11.2679
4.828,11.2296
4.832,11.0728
4.836,11.1942
4.84,11.1387
4.844,11.1994
4.848,11.1025
4.852,11.2007
4.856,11.0053
4.86,11.1947
4.864,11.068
4.868,11.2337
4.872,11.2346
4.876,11.1052
4.88,11.2381
4.884,10.92
4.888,11.0404
4.892,11.2372
4.896,11.0335
4.9,11.0566
4.904,11.0458
4.908,11.2641
4.912,11.1242
4.916,11.0799
4.92,10.8724
4.924,11.2226
4.928,11.1823
4.932,10.9653
4.936,11.0053
4.94,11.0363
4.944,11.059
4.948,11.2483
4.952,11.0184
4.956,10.8649
4.96,11.1637
4.964,11.1931
4.968,11.1391
4.972,11.0178
4.976,11.142
4.98,10.9732
4.984,11.2697
4.988,11.1833
4.992,11.0189
4.996,11.1379
5,10.9874
5.004,10.7947
5.008,10.8313
5.012,10.9379
5.016,11.0479
5.02,10.9907
5.024,10.768
5.028,10.9022
5.032,11.0002
5.036,11.1386
5.04,10.9803
5.044,10.7425
5.048,10.7686
5.052,10.9306
5.056,10.783
5.06,10.9684
5.064,10.853
5.068,10.8515
5.072,10.9864
5.076,10.9998
5.08,10.7884
5.084,11.1005
5.088,10.8389
5.092,10.9476
5.096,10.8491
5.1,10.915
5.104,10.8809
5.108,11.0027
5.112,11.0827
5.116,11.0127
5.12,10.9085
5.124,10.7205
5.128,10.8947
5.132,10.8512
5.136,10.8834
5.14,10.7076
5.144,10.7851
5.148,10.8745
5.152,10.8325
5.156,10.7695
5.16,10.7491
5.164,10.9952
5.168,10.9435
5.172,10.8694
5.176,10.8252
5.18,10.9056
5.184,10.9298
5.188,10.8012
5.192,11.1002
5.196,11.0527
5.2,10.6779
5.204,10.6591
5.208,10.674
5.212,10.7009
5.216,10.5377
5.22,10.5932
5.224,10.6639
5.228,10.8091
5.232,10.9044
5.236,10.6368
5.24,10.6298
5.244,10.7807
5.248,10.7083
5.252,10.6639
5.256,10.5882
5.26,10.5956
5.264,10.5845
5.268,10.7373
5.272,10.8749
5.276,10.7711
5.28,10.9018
5.284,10.747
5.288,10.6426
5.292,10.7874
5.296,10.5554
5.3,10.7144
5.304,10.7939
5.308,10.7663
5.312,10.8427
5.316,10.6296
5.32,10.5518
5.324,10.6805
5.328,10.7094
5.332,10.4466
5.336,10.446
5.34,10.6633
5.344,10.9615
5.348,10.9003
5.352,10.6547
5.356,10.5857
5.36,10.5134
5.364,10.464
5.368,10.4997
5.372,10.6393
5.376,10.6031
5.38,10.5129
5.384,10.5739
5.388,10.7791
5.392,10.5752
5.396,10.4811
5.4,10.7535
5.404,10.5992
5.408,10.6739
5.412,10.6006
5.416,10.6593
5.42,10.5441
5.424,10.5936
5.428,10.5023
5.432,10.517
5.436,10.6276
5.44,10.7085
5.444,10.396
5.448,10.5301
5.452,10.6205
5.456,10.5804
5.46,10.4323
5.464,10.2394
5.468,10.456
5.472,10.3745
5.476,10.528
5.48,10.5795
5.484,10.4069
5.488,10.3433
5.492,10.3479
5.496,10.4122
5.5,10.5265
5.504,10.6395
5.508,10.6772
5.512,10.7057
5.516,10.4832
5.52,10.5105
5.524,10.7106
5.528,10.4727
5.532,10.4084
5.536,10.4888
5.54,10.4298
5.544,10.5919
5.548,10.4735
5.552,10.647
5.556,10.6043
5.56,10.3861
5.564,10.4148
5.568,10.5338
5.572,10.4155
5.576,10.3644
5.58,10.4556
5.584,10.4127
5.588,10.4541
5.592,10.4596
5.596,10.4939
5.6,10.3984
5.604,10.6466
5.608,10.4946
5.612,10.3218
5.616,10.3539
5.62,10.5041
5.624,10.6316
5.628,10.3393
5.632,10.3799
5.636,10.4748
5.64,10.3844
5.644,10.5945
5.648,10.4495
5.652,10.5365
5.656,10.5339
5.66,10.3895
5.664,10.5494
5.668,10.6276
5.672,10.4315
5.676,10.5038
5.68,10.3263
5.684,10.2765
5.688,10.3583
5.692,10.3377
5.696,10.5714
5.7,10.3612
5.704,10.3252
5.708,10.3671
5.712,10.4873
5.716,10.471
5.72,10.2084
5.724,10.4244
5.728,10.5177
5.732,10.2721
5.736,10.1729
5.74,10.4903
5.744,10.3932
5.748,10.2074
5.752,10.398
5.756,10.4717
5.76,10.5309
5.764,10.3327
5.768,10.3095
5.772,10.1599
5.776,10.3412
5.78,10.297
5.784,10.4688
5.788,10.4658
5.792,10.4137
5.796,10.2946
5.8,10.5133
5.804,10.2195
5.808,10.4833
5.812,10.3064
5.816,10.328
5.82,10.3436
5.824,10.342
5.828,10.424
5.832,10.4249
5.836,10.3304
5.84,10.4192
5.844,10.5611
5.848,10.3205
5.852,10.0902
5.856,10.194
5.86,10.4293
5.864,10.1938
5.868,10.2862
5.872,10.1989
5.876,10.0745
5.88,10.2179
5.884,10.0656
5.888,10.3409
5.892,10.2875
5.896,10.0762
5.9,10.3724
5.904,10.4751
5.908,10.3684
5.912,10.5381
5.916,10.2735
5.92,10.3735
5.924,10.2171
5.928,10.1437
5.932,10.2062
5.936,10.2045
5.94,10.4794
5.944,10.2985
5.948,10.2143
5.952,10.2284
5.956,10.0958
5.96,10.2213
5.964,10.3252
5.968,10.3024
5.972,10.2607
5.976,10.3199
5.98,10.4067
5.984,10.3654
5.988,10.3494
5.992,10.2616
5.996,10.2023
6,10.1883
6.004,10.1856
6.008,10.2256
6.012,10.1018
6.016,10.1286
6.02,10.1841
6.024,10.2846
6.028,10.324
6.032,10.1231
6.036,10.1003
6.04,9.94862
6.044,10.3382
6.048,10.2962
6.052,10.0314
6.056,10.1999
6.06,10.3807
6.064,10.3359
6.068,10.0359
6.072,10.1698
6.076,10.0584
6.08,9.90552
6.084,9.99208
6.088,10.1994
6.092,10.3039
6.096,10.3233
6.1,10.3335
6.104,10.215
6.108,10.2686
6.112,10.3407
6.116,10.2807
6.12,10.2203
6.124,10.2487
6.128,10.1487
6.132,10.1736
6.136,10.1148
6.14,10.0233
6.144,10.0709
6.148,10.155
6.152,10.1527
6.156,10.2374
6.16,10.4609
6.164,10.3279
6.168,10.2054
6.172,10.2052
6.176,10.2693
6.18,10.1238
6.184,10.1369
6.188,10.0989
6.192,10.1178
6.196,9.96371
6.2,10.2837
6.204,10.1289
6.208,10.1163
6.212,10.0499
6.216,10.1308
6.22,10.129
6.224,10.2796
6.228,10.0478
6.232,9.98888
6.236,10.2888
6.24,10.1837
6.244,10.2646
6.248,10.1053
6.252,9.93159
6.256,9.91456
6.26,10.1562
6.264,10.2021
6.268,10.0923
6.272,10.1704
6.276,10.2725
6.28,9.99298
6.284,10.0623
6.288,10.1378
6.292,10.0968
6.296,10.0463
6.3,10.1667
6.304,9.96505
6.308,10.197
6.312,10.2333
6.316,10.2151
6.32,10.1429
6.324,10.1768
6.328,10.1737
6.332,10.1276
6.336,10.0551
6.34,10.0548
6.344,10.2224
6.348,10.1124
6.352,10.2554
6.356,10.1742
6.36,10.1684
6.364,10.2274
6.368,10.1667
6.372,10.1496
6.376,10.1427
6.38,10.0012
6.384,10.0571
6.388,10.212
6.392,10.1406
6.396,10.0754
6.4,10.1907
6.404,10.2447
6.408,10.044
6.412,9.853
6.416,10.2729
6.42,10.1539
6.424,9.92118
6.428,10.2531
6.432,10.1776
6.436,10.3326
6.44,10.2017
6.444,9.98472
6.448,10.0921
6.452,9.98138
6.456,9.89377
6.46,9.88402
6.464,9.99939
6.468,10.0184
6.472,10.1232
6.476,10.0831
6.48,10.0289
6.484,10.0125
6.488,10.0655
6.492,10.0238
6.496,9.92899
6.5,10.065
6.504,10.1444
6.508,10.1575
6.512,10.0017
6.516,10.2231
6.52,10.1726
6.524,10.1995
6.528,9.98799
6.532,9.92923
6.536,9.87653
6.54,10.0108
6.544,10.1417
6.548,10.1836
6.552,10.17
6.556,10.0015
6.56,10.0452
6.564,10.0024
6.568,10.1643
6.572,10.2074
6.576,9.94743
6.58,10.1711
6.584,10.1414
6.588,10.0373
6.592,10.0658
6.596,10.1414
6.6,10.0644
6.604,10.0335
6.608,9.94584
6.612,9.91263
6.616,10.1116
6.62,10.2031
6.624,10.0258
6.628,9.98961
6.632,10.0477
6.636,10.3294
6.64,10.1408
6.644,10.2359
6.648,10.1741
6.652,10.1489
6.656,10.155
6.66,10.056
6.664,9.9339
6.668,9.99012
6.672,9.87463
6.676,9.75549
6.68,9.76639
6.684,10.0174
6.688,9.89272
6.692,10.0268
6.696,10.0453
6.7,10.0631
6.704,10.2006
6.708,9.8826
6.712,10.1783
6.716,9.98951
6.72,9.85046
6.724,9.74662
6.728,9.94787
6.732,10.0556
6.736,10.061
6.74,9.76088
6.744,9.9193
6.748,9.84907
6.752,9.80063
6.756,10.0372
6.76,9.92187
6.764,9.94386
6.768,9.75237
6.772,9.78686
6.776,9.89361
6.78,10.0086
6.784,9.82352
6.788,9.94977
6.792,9.90909
6.796,10.0698
6.8,10.0886
6.804,10.1714
6.808,10.1785
6.812,10.0724
6.816,10.2365
6.82,9.88251
6.824,9.75818
6.828,9.83848
6.832,10.0364
6.836,10.1721
6.84,10.0524
6.844,9.99331
6.848,9.97926
6.852,9.93809
6.856,9.93172
6.86,10.0827
6.864,10.1975
6.868,9.96776
6.872,9.96151
6.876,9.86071
6.88,10.1053
6.884,10.2704
6.888,9.82149
6.892,9.97616
6.896,10.0525
6.9,9.9399
6.904,9.84872
6.908,9.86627
6.912,9.85918
6.916,10.0745
6.92,9.88083
6.924,9.8589
6.928,9.95455
6.932,10.0741
6.936,10.0164
6.94,10.0689
6.944,9.84324
6.948,9.91049
6.952,9.86751
6.956,10.0472
6.96,9.72065
6.964,9.70576
6.968,9.6414
6.972,9.71187
6.976,9.87543
6.98,9.98088
6.984,9.91586
6.988,9.94598
6.992,10.0958
6.996,9.89226
7,10.0918
7.004,9.96494
7.008,9.89123
7.012,9.99537
7.016,9.99293
7.02,10.058
7.024,9.97396
7.028,9.83073
7.032,9.81078
7.036,9.90146
7.04,9.98156
7.044,10.1506
7.048,9.96235
7.052,10.012
7.056,9.91881
7.06,9.94871
7.064,9.91509
7.068,9.82792
7.072,10.0194
7.076,9.83534
7.08,10.0082
7.084,9.87911
7.088,9.75512
7.092,9.98065
7.096,9.82815
7.1,9.87808
7.104,9.77936
7.108,9.82681
7.112,9.79889
7.116,9.91461
7.12,9.69631
7.124,10.0307
7.128,9.91921
7.132,9.80784
7.136,9.69799
7.14,9.81908
7.144,9.85752
7.148,9.92561
7.152,10.0327
7.156,9.99737
7.16,9.98079
7.164,9.90918
7.168,9.96947
7.172,9.90531
7.176,9.77028
7.18,9.79281
7.184,9.8828
7.188,9.8163
7.192,9.88494
7.196,9.70606
7.2,9.97519
7.204,10.1975
7.208,10.0058
7.212,9.91771
7.216,10.1035
7.22,9.80839
7.224,9.67687
7.228,9.81332
7.232,9.87321
7.236,9.6993
7.24,9.74136
7.244,9.77313
7.248,9.76233
7.252,9.71015
7.256,9.77338
7.26,9.78831
7.264,9.68011
7.268,9.81448
7.272,9.89601
7.276,9.96928
7.28,9.84438
7.284,9.83227
7.288,9.73803
7.292,9.91817
7.296,9.87218
7.3,9.95541
7.304,9.93506
7.308,9.86952
7.312,9.84231
7.316,9.76929
7.32,9.90154
7.324,9.8459
7.328,9.88889
7.332,9.8584
7.336,9.84559
7.34,9.81703
7.344,10.0129
7.348,9.89729
7.352,9.73143
7.356,9.72667
7.36,9.85274
7.364,9.95637
7.368,9.86996
7.372,9.79296
7.376,9.69562
7.38,9.6218
7.384,9.74565
7.388,9.74244
7.392,10.0381
7.396,9.75506
7.4,9.8636
7.404,9.88485
7.408,9.89598
7.412,9.89859
7.416,9.8374
7.42,9.74104
7.424,9.98566
7.428,9.97821
7.432,9.79624
7.436,10.0391
7.44,9.95529
7.444,9.7646
7.448,9.8463
7.452,9.81541
7.456,9.69964
7.46,9.72336
7.464,9.82323
7.468,9.82877
7.472,9.67587
7.476,9.63408
7.48,9.92525
7.484,9.76556
7.488,9.84487
7.492,9.83934
7.496,9.90173
7.5,9.87416
7.504,9.72401
7.508,9.79405
7.512,9.78526
7.516,9.88004
7.52,9.98939
7.524,9.98805
7.528,9.76992
7.532,9.82222
7.536,9.77199
7.54,9.82596
7.544,9.99972
7.548,9.97784
7.552,9.68767
7.556,9.8587
7.56,9.9621
7.564,9.7536
7.568,9.86225
7.572,9.82295
7.576,9.96545
7.58,9.83387
7.584,9.81558
7.588,9.84005
7.592,9.82338
7.596,9.77189
7.6,9.76264
7.604,9.81292
7.608,9.7073
7.612,9.97198
7.616,9.74448
7.62,9.60118
7.624,9.77101
7.628,9.82985
7.632,9.67418
7.636,9.64374
7.64,9.70251
7.644,9.69011
7.648,9.74536
7.652,9.7725
7.656,9.8118
7.66,9.65807
7.664,9.79239
7.668,9.82957
7.672,9.65806
7.676,9.68663
7.68,9.67648
7.684,9.73569
7.688,9.72559
7.692,9.81252
7.696,9.85162
7.7,9.8639
7.704,9.87337
7.708,9.65469
7.712,9.95053
7.716,9.83927
7.72,9.77392
7.724,9.72355
7.728,9.75116
7.732,9.67533
7.736,9.72479
7.74,9.97065
7.744,9.86492
7.748,9.87179
7.752,9.75717
7.756,9.66621
7.76,9.78218
7.764,9.82821
7.768,9.85692
7.772,9.72595
7.776,9.62809
7.78,9.81652
7.784,9.75654
7.788,9.73295
7.792,9.71282
7.796,9.74424
7.8,9.75431
7.804,9.99604
7.808,9.92292
7.812,9.70715
7.816,9.79364
7.82,9.72765
7.824,9.74609
7.828,9.66915
7.832,9.80741
7.836,9.92716
7.84,9.83573
7.844,9.8194
7.848,9.93876
7.852,9.6316
7.856,9.8035
7.86,9.69282
7.864,9.75801
7.868,9.78245
7.872,9.8344
7.876,9.79118
7.88,9.6736
7.884,9.82365
7.888,9.75185
7.892,9.77502
7.896,9.85613
7.9,9.58673
7.904,9.57881
7.908,9.91604
7.912,9.72977
7.916,9.65215
7.92,9.70062
7.924,9.76229
7.928,9.84721
7.932,9.98707
7.936,9.6683
7.94,9.81517
7.944,9.80457
7.948,9.89609
7.952,9.77378
7.956,9.80682
7.96,9.81028
7.964,9.80338
7.968,9.86116
7.972,9.77882
7.976,9.76087
7.98,9.86294
7.984,9.88005
7.988,9.78301
7.992,9.98535
7.996,9.75826
8,9.61983
8.004,9.62783
8.008,9.50275
8.012,9.37075
8.016,9.56952
8.02,9.59262
8.024,9.56727
8.028,9.61547
8.032,9.55778
8.036,9.30063
8.04,9.43528
8.044,9.38908
8.048,9.40458
8.052,9.34745
8.056,9.54602
8.06,9.40955
8.064,9.03255
8.068,9.19897
8.072,9.37547
8.076,9.29828
8.08,9.39166
8.084,9.19184
8.088,9.20707
8.092,9.20088
8.096,9.32424
8.1,9.19884
8.104,9.3056
8.108,9.23855
8.112,9.18964
8.116,8.94067
8.12,9.09336
8.124,9.14393
8.128,9.19371
8.132,8.98767
8.136,9.00119
8.14,8.91861
8.144,8.73763
8.148,8.8854
8.152,8.9726
8.156,8.88329
8.16,8.84484
8.164,8.72685
8.168,8.54383
8.172,8.79
8.176,8.66316
8.18,8.67149
8.184,8.64367
8.188,8.58584