xposition,yposition,Fe_rel_conc
0.5,8.1,4.34782608695652
0.5,8.11515,2.71739130434783
0.5,8.1303,2.17391304347826
0.5,8.14545,2.17391304347826
0.5,8.1606,3.26086956521739
0.5,8.17575,1.08695652173913
0.5,8.1909,2.17391304347826
0.5,8.20605,2.71739130434783
0.5,8.2212,1.6304347826087
0.5,8.23635,1.6304347826087
0.5,8.2515,3.26086956521739
0.5,8.26665,2.71739130434783
0.5,8.2818,3.80434782608696
0.5,8.29695,4.34782608695652
0.5,8.3121,2.71739130434783
0.5,8.32725,2.71739130434783
0.5,8.3424,3.26086956521739
0.5,8.3576,2.71739130434783
0.5,8.37275,3.26086956521739
0.5,8.3879,2.17391304347826
0.5,8.40305,4.89130434782609
0.5,8.4182,0.543478260869565
0.5,8.43335,4.34782608695652
0.5,8.4485,4.89130434782609
0.5,8.46365,4.89130434782609
0.5,8.4788,1.6304347826087
0.5,8.49395,2.71739130434783
0.5,8.5091,4.34782608695652
0.5,8.52425,2.71739130434783
0.5,8.5394,2.71739130434783
0.5,8.55455,4.89130434782609
0.5,8.5697,3.26086956521739
0.5,8.58485,4.34782608695652
0.5,8.6,2.17391304347826
0.5,8.61515,5.43478260869565
0.5,8.6303,5.43478260869565
0.5,8.64545,4.34782608695652
0.5,8.6606,2.71739130434783
0.5,8.67575,3.26086956521739
0.5,8.6909,4.89130434782609
0.5,8.70605,4.34782608695652
0.5,8.7212,3.26086956521739
0.5,8.73635,4.89130434782609
0.5,8.7515,1.6304347826087
0.5,8.76665,3.80434782608696
0.5,8.7818,3.80434782608696
0.5,8.79695,3.80434782608696
0.5,8.8121,2.71739130434783
0.5,8.82725,3.80434782608696
0.5,8.8424,2.71739130434783
0.5,8.8576,3.80434782608696
0.5,8.87275,1.08695652173913
0.5,8.8879,2.71739130434783
0.5,8.90305,5.43478260869565
0.5,8.9182,4.89130434782609
0.5,8.93335,7.06521739130435
0.5,8.9485,2.17391304347826
0.5,8.96365,5.43478260869565
0.5,8.9788,3.80434782608696
0.5,8.99395,4.34782608695652
0.5,9.0091,1.6304347826087
0.5,9.02425,4.34782608695652
0.5,9.0394,3.80434782608696
0.5,9.05455,5.97826086956522
0.5,9.0697,3.26086956521739
0.5,9.08485,4.34782608695652
0.5,9.1,7.06521739130435
0.515,8.1,3.26086956521739
0.515,8.11515,3.26086956521739
0.515,8.1303,1.6304347826087
0.515,8.14545,3.80434782608696
0.515,8.1606,3.26086956521739
0.515,8.17575,2.17391304347826
0.515,8.1909,2.17391304347826
0.515,8.20605,1.08695652173913
0.515,8.2212,3.80434782608696
0.515,8.23635,3.80434782608696
0.515,8.2515,2.71739130434783
0.515,8.26665,5.97826086956522
0.515,8.2818,3.80434782608696
0.515,8.29695,1.6304347826087
0.515,8.3121,1.08695652173913
0.515,8.32725,4.34782608695652
0.515,8.3424,3.26086956521739
0.515,8.3576,4.34782608695652
0.515,8.37275,1.6304347826087
0.515,8.3879,1.6304347826087
0.515,8.40305,3.26086956521739
0.515,8.4182,3.80434782608696
0.515,8.43335,5.43478260869565
0.515,8.4485,3.26086956521739
0.515,8.46365,2.71739130434783
0.515,8.4788,2.17391304347826
0.515,8.49395,4.34782608695652
0.515,8.5091,4.34782608695652
0.515,8.52425,0.543478260869565
0.515,8.5394,6.52173913043478
0.515,8.55455,3.80434782608696
0.515,8.5697,1.08695652173913
0.515,8.58485,4.89130434782609
0.515,8.6,6.52173913043478
0.515,8.61515,6.52173913043478
0.515,8.6303,2.17391304347826
0.515,8.64545,1.6304347826087
0.515,8.6606,3.26086956521739
0.515,8.67575,4.34782608695652
0.515,8.6909,4.89130434782609
0.515,8.70605,3.80434782608696
0.515,8.7212,6.52173913043478
0.515,8.73635,3.80434782608696
0.515,8.7515,3.80434782608696
0.515,8.76665,4.34782608695652
0.515,8.7818,2.71739130434783
0.515,8.79695,2.71739130434783
0.515,8.8121,2.17391304347826
0.515,8.82725,3.26086956521739
0.515,8.8424,3.80434782608696
0.515,8.8576,4.34782608695652
0.515,8.87275,5.43478260869565
0.515,8.8879,8.15217391304348
0.515,8.90305,5.43478260869565
0.515,8.9182,4.89130434782609
0.515,8.93335,3.80434782608696
0.515,8.9485,2.71739130434783
0.515,8.96365,5.43478260869565
0.515,8.9788,3.80434782608696
0.515,8.99395,5.43478260869565
0.515,9.0091,5.43478260869565
0.515,9.02425,4.34782608695652
0.515,9.0394,4.89130434782609
0.515,9.05455,1.6304347826087
0.515,9.0697,4.34782608695652
0.515,9.08485,6.52173913043478
0.515,9.1,4.34782608695652
0.53,8.1,1.6304347826087
0.53,8.11515,3.80434782608696
0.53,8.1303,1.6304347826087
0.53,8.14545,0.543478260869565
0.53,8.1606,2.17391304347826
0.53,8.17575,1.6304347826087
0.53,8.1909,1.6304347826087
0.53,8.20605,2.71739130434783
0.53,8.2212,0.543478260869565
0.53,8.23635,3.80434782608696
0.53,8.2515,1.6304347826087
0.53,8.26665,4.89130434782609
0.53,8.2818,4.89130434782609
0.53,8.29695,2.17391304347826
0.53,8.3121,3.26086956521739
0.53,8.32725,5.43478260869565
0.53,8.3424,2.17391304347826
0.53,8.3576,4.89130434782609
0.53,8.37275,3.80434782608696
0.53,8.3879,2.71739130434783
0.53,8.40305,2.71739130434783
0.53,8.4182,1.6304347826087
0.53,8.43335,3.80434782608696
0.53,8.4485,4.34782608695652
0.53,8.46365,1.6304347826087
0.53,8.4788,3.80434782608696
0.53,8.49395,3.26086956521739
0.53,8.5091,2.17391304347826
0.53,8.52425,2.17391304347826
0.53,8.5394,2.71739130434783
0.53,8.55455,3.26086956521739
0.53,8.5697,1.6304347826087
0.53,8.58485,5.43478260869565
0.53,8.6,2.71739130434783
0.53,8.61515,5.43478260869565
0.53,8.6303,2.17391304347826
0.53,8.64545,3.80434782608696
0.53,8.6606,4.89130434782609
0.53,8.67575,3.80434782608696
0.53,8.6909,2.17391304347826
0.53,8.70605,5.43478260869565
0.53,8.7212,2.71739130434783
0.53,8.73635,2.71739130434783
0.53,8.7515,2.71739130434783
0.53,8.76665,3.80434782608696
0.53,8.7818,3.26086956521739
0.53,8.79695,2.17391304347826
0.53,8.8121,3.80434782608696
0.53,8.82725,1.08695652173913
0.53,8.8424,2.71739130434783
0.53,8.8576,7.06521739130435
0.53,8.87275,4.34782608695652
0.53,8.8879,7.60869565217391
0.53,8.90305,6.52173913043478
0.53,8.9182,9.78260869565217
0.53,8.93335,11.4130434782609
0.53,8.9485,7.06521739130435
0.53,8.96365,5.43478260869565
0.53,8.9788,6.52173913043478
0.53,8.99395,3.26086956521739
0.53,9.0091,3.80434782608696
0.53,9.02425,1.08695652173913
0.53,9.0394,8.69565217391304
0.53,9.05455,4.34782608695652
0.53,9.0697,5.43478260869565
0.53,9.08485,8.69565217391304
0.53,9.1,8.69565217391304
0.545,8.1,3.80434782608696
0.545,8.11515,3.26086956521739
0.545,8.1303,2.71739130434783
0.545,8.14545,3.80434782608696
0.545,8.1606,2.71739130434783
0.545,8.17575,1.6304347826087
0.545,8.1909,2.71739130434783
0.545,8.20605,2.17391304347826
0.545,8.2212,1.6304347826087
0.545,8.23635,4.34782608695652
0.545,8.2515,4.34782608695652
0.545,8.26665,5.97826086956522
0.545,8.2818,2.71739130434783
0.545,8.29695,4.34782608695652
0.545,8.3121,0.543478260869565
0.545,8.32725,4.34782608695652
0.545,8.3424,2.71739130434783
0.545,8.3576,3.80434782608696
0.545,8.37275,1.6304347826087
0.545,8.3879,4.34782608695652
0.545,8.40305,3.80434782608696
0.545,8.4182,5.43478260869565
0.545,8.43335,5.43478260869565
0.545,8.4485,5.97826086956522
0.545,8.46365,3.80434782608696
0.545,8.4788,3.80434782608696
0.545,8.49395,4.34782608695652
0.545,8.5091,5.43478260869565
0.545,8.52425,4.34782608695652
0.545,8.5394,2.71739130434783
0.545,8.55455,1.08695652173913
0.545,8.5697,4.34782608695652
0.545,8.58485,4.89130434782609
0.545,8.6,4.89130434782609
0.545,8.61515,3.26086956521739
0.545,8.6303,4.34782608695652
0.545,8.64545,4.89130434782609
0.545,8.6606,4.89130434782609
0.545,8.67575,3.26086956521739
0.545,8.6909,4.34782608695652
0.545,8.70605,4.34782608695652
0.545,8.7212,4.34782608695652
0.545,8.73635,5.43478260869565
0.545,8.7515,3.80434782608696
0.545,8.76665,4.34782608695652
0.545,8.7818,2.17391304347826
0.545,8.79695,4.89130434782609
0.545,8.8121,3.26086956521739
0.545,8.82725,3.80434782608696
0.545,8.8424,4.89130434782609
0.545,8.8576,11.4130434782609
0.545,8.87275,9.78260869565217
0.545,8.8879,10.3260869565217
0.545,8.90305,10.3260869565217
0.545,8.9182,9.23913043478261
0.545,8.93335,10.3260869565217
0.545,8.9485,8.69565217391304
0.545,8.96365,9.23913043478261
0.545,8.9788,6.52173913043478
0.545,8.99395,8.15217391304348
0.545,9.0091,6.52173913043478
0.545,9.02425,5.43478260869565
0.545,9.0394,2.71739130434783
0.545,9.05455,3.80434782608696
0.545,9.0697,5.97826086956522
0.545,9.08485,9.23913043478261
0.545,9.1,7.60869565217391
0.56,8.1,1.6304347826087
0.56,8.11515,4.34782608695652
0.56,8.1303,2.71739130434783
0.56,8.14545,3.26086956521739
0.56,8.1606,3.26086956521739
0.56,8.17575,2.71739130434783
0.56,8.1909,5.97826086956522
0.56,8.20605,3.80434782608696
0.56,8.2212,4.89130434782609
0.56,8.23635,3.80434782608696
0.56,8.2515,4.34782608695652
0.56,8.26665,3.26086956521739
0.56,8.2818,5.97826086956522
0.56,8.29695,3.26086956521739
0.56,8.3121,1.6304347826087
0.56,8.32725,2.71739130434783
0.56,8.3424,2.17391304347826
0.56,8.3576,3.26086956521739
0.56,8.37275,2.71739130434783
0.56,8.3879,3.26086956521739
0.56,8.40305,2.71739130434783
0.56,8.4182,3.80434782608696
0.56,8.43335,4.34782608695652
0.56,8.4485,2.71739130434783
0.56,8.46365,3.80434782608696
0.56,8.4788,5.43478260869565
0.56,8.49395,4.89130434782609
0.56,8.5091,4.89130434782609
0.56,8.52425,4.34782608695652
0.56,8.5394,3.80434782608696
0.56,8.55455,2.71739130434783
0.56,8.5697,5.97826086956522
0.56,8.58485,9.23913043478261
0.56,8.6,8.69565217391304
0.56,8.61515,5.43478260869565
0.56,8.6303,9.78260869565217
0.56,8.64545,9.78260869565217
0.56,8.6606,3.26086956521739
0.56,8.67575,4.89130434782609
0.56,8.6909,7.60869565217391
0.56,8.70605,2.17391304347826
0.56,8.7212,5.97826086956522
0.56,8.73635,5.43478260869565
0.56,8.7515,1.6304347826087
0.56,8.76665,6.52173913043478
0.56,8.7818,8.15217391304348
0.56,8.79695,3.80434782608696
0.56,8.8121,8.15217391304348
0.56,8.82725,3.80434782608696
0.56,8.8424,4.89130434782609
0.56,8.8576,10.3260869565217
0.56,8.87275,13.5869565217391
0.56,8.8879,13.0434782608696
0.56,8.90305,16.304347826087
0.56,8.9182,15.7608695652174
0.56,8.93335,14.1304347826087
0.56,8.9485,15.7608695652174
0.56,8.96365,11.4130434782609
0.56,8.9788,8.15217391304348
0.56,8.99395,4.89130434782609
0.56,9.0091,5.43478260869565
0.56,9.02425,2.71739130434783
0.56,9.0394,7.60869565217391
0.56,9.05455,3.26086956521739
0.56,9.0697,5.97826086956522
0.56,9.08485,5.97826086956522
0.56,9.1,5.43478260869565
0.575,8.1,3.26086956521739
0.575,8.11515,4.34782608695652
0.575,8.1303,3.26086956521739
0.575,8.14545,5.43478260869565
0.575,8.1606,1.6304347826087
0.575,8.17575,3.26086956521739
0.575,8.1909,1.6304347826087
0.575,8.20605,2.71739130434783
0.575,8.2212,1.6304347826087
0.575,8.23635,4.34782608695652
0.575,8.2515,2.71739130434783
0.575,8.26665,3.80434782608696
0.575,8.2818,2.71739130434783
0.575,8.29695,2.71739130434783
0.575,8.3121,3.26086956521739
0.575,8.32725,3.80434782608696
0.575,8.3424,1.6304347826087
0.575,8.3576,2.17391304347826
0.575,8.37275,2.71739130434783
0.575,8.3879,3.26086956521739
0.575,8.40305,5.43478260869565
0.575,8.4182,3.26086956521739
0.575,8.43335,2.71739130434783
0.575,8.4485,3.80434782608696
0.575,8.46365,4.34782608695652
0.575,8.4788,8.15217391304348
0.575,8.49395,2.17391304347826
0.575,8.5091,5.43478260869565
0.575,8.52425,3.80434782608696
0.575,8.5394,6.52173913043478
0.575,8.55455,16.304347826087
0.575,8.5697,11.4130434782609
0.575,8.58485,13.0434782608696
0.575,8.6,17.3913043478261
0.575,8.61515,14.1304347826087
0.575,8.6303,15.7608695652174
0.575,8.64545,24.4565217391304
0.575,8.6606,11.9565217391304
0.575,8.67575,13.5869565217391
0.575,8.6909,10.3260869565217
0.575,8.70605,7.60869565217391
0.575,8.7212,10.8695652173913
0.575,8.73635,10.3260869565217
0.575,8.7515,8.15217391304348
0.575,8.76665,10.8695652173913
0.575,8.7818,7.60869565217391
0.575,8.79695,4.89130434782609
0.575,8.8121,8.15217391304348
0.575,8.82725,9.23913043478261
0.575,8.8424,8.69565217391304
0.575,8.8576,4.34782608695652
0.575,8.87275,11.4130434782609
0.575,8.8879,15.2173913043478
0.575,8.90305,14.6739130434783
0.575,8.9182,15.2173913043478
0.575,8.93335,15.2173913043478
0.575,8.9485,11.4130434782609
0.575,8.96365,14.1304347826087
0.575,8.9788,7.60869565217391
0.575,8.99395,11.9565217391304
0.575,9.0091,8.15217391304348
0.575,9.02425,3.80434782608696
0.575,9.0394,7.06521739130435
0.575,9.05455,4.34782608695652
0.575,9.0697,5.43478260869565
0.575,9.08485,4.34782608695652
0.575,9.1,7.06521739130435
0.59,8.1,4.89130434782609
0.59,8.11515,2.71739130434783
0.59,8.1303,3.26086956521739
0.59,8.14545,2.71739130434783
0.59,8.1606,2.71739130434783
0.59,8.17575,2.17391304347826
0.59,8.1909,1.6304347826087
0.59,8.20605,2.17391304347826
0.59,8.2212,2.17391304347826
0.59,8.23635,2.71739130434783
0.59,8.2515,3.80434782608696
0.59,8.26665,5.97826086956522
0.59,8.2818,3.26086956521739
0.59,8.29695,4.89130434782609
0.59,8.3121,1.08695652173913
0.59,8.32725,4.34782608695652
0.59,8.3424,3.26086956521739
0.59,8.3576,2.17391304347826
0.59,8.37275,3.80434782608696
0.59,8.3879,3.26086956521739
0.59,8.40305,4.89130434782609
0.59,8.4182,2.17391304347826
0.59,8.43335,4.34782608695652
0.59,8.4485,3.80434782608696
0.59,8.46365,10.8695652173913
0.59,8.4788,5.97826086956522
0.59,8.49395,3.80434782608696
0.59,8.5091,10.3260869565217
0.59,8.52425,9.23913043478261
0.59,8.5394,21.195652173913
0.59,8.55455,27.7173913043478
0.59,8.5697,35.3260869565217
0.59,8.58485,42.9347826086956
0.59,8.6,39.1304347826087
0.59,8.61515,44.5652173913044
0.59,8.6303,44.5652173913044
0.59,8.64545,46.195652173913
0.59,8.6606,40.2173913043478
0.59,8.67575,33.1521739130435
0.59,8.6909,35.3260869565217
0.59,8.70605,35.3260869565217
0.59,8.7212,29.8913043478261
0.59,8.73635,23.9130434782609
0.59,8.7515,17.3913043478261
0.59,8.76665,11.9565217391304
0.59,8.7818,9.23913043478261
0.59,8.79695,12.5
0.59,8.8121,9.23913043478261
0.59,8.82725,5.97826086956522
0.59,8.8424,8.15217391304348
0.59,8.8576,8.15217391304348
0.59,8.87275,8.15217391304348
0.59,8.8879,11.4130434782609
0.59,8.90305,16.304347826087
0.59,8.9182,14.6739130434783
0.59,8.93335,21.195652173913
0.59,8.9485,13.0434782608696
0.59,8.96365,13.0434782608696
0.59,8.9788,10.3260869565217
0.59,8.99395,9.23913043478261
0.59,9.0091,7.60869565217391
0.59,9.02425,2.71739130434783
0.59,9.0394,9.23913043478261
0.59,9.05455,7.06521739130435
0.59,9.0697,4.34782608695652
0.59,9.08485,5.43478260869565
0.59,9.1,5.43478260869565
0.605,8.1,4.34782608695652
0.605,8.11515,3.26086956521739
0.605,8.1303,3.26086956521739
0.605,8.14545,2.17391304347826
0.605,8.1606,3.80434782608696
0.605,8.17575,6.52173913043478
0.605,8.1909,2.17391304347826
0.605,8.20605,2.17391304347826
0.605,8.2212,2.17391304347826
0.605,8.23635,3.26086956521739
0.605,8.2515,3.80434782608696
0.605,8.26665,2.17391304347826
0.605,8.2818,2.17391304347826
0.605,8.29695,2.17391304347826
0.605,8.3121,0.543478260869565
0.605,8.32725,4.89130434782609
0.605,8.3424,2.71739130434783
0.605,8.3576,3.80434782608696
0.605,8.37275,4.89130434782609
0.605,8.3879,2.71739130434783
0.605,8.40305,2.71739130434783
0.605,8.4182,4.89130434782609
0.605,8.43335,5.43478260869565
0.605,8.4485,5.43478260869565
0.605,8.46365,9.78260869565217
0.605,8.4788,7.60869565217391
0.605,8.49395,11.9565217391304
0.605,8.5091,20.1086956521739
0.605,8.52425,34.7826086956522
0.605,8.5394,45.6521739130435
0.605,8.55455,47.2826086956522
0.605,8.5697,64.1304347826087
0.605,8.58485,49.4565217391304
0.605,8.6,50.5434782608696
0.605,8.61515,68.4782608695652
0.605,8.6303,54.3478260869565
0.605,8.64545,61.9565217391304
0.605,8.6606,58.695652173913
0.605,8.67575,65.7608695652174
0.605,8.6909,64.1304347826087
0.605,8.70605,47.8260869565217
0.605,8.7212,48.3695652173913
0.605,8.73635,42.3913043478261
0.605,8.7515,45.6521739130435
0.605,8.76665,19.5652173913043
0.605,8.7818,15.7608695652174
0.605,8.79695,11.9565217391304
0.605,8.8121,9.23913043478261
0.605,8.82725,9.23913043478261
0.605,8.8424,9.78260869565217
0.605,8.8576,9.23913043478261
0.605,8.87275,13.0434782608696
0.605,8.8879,13.0434782608696
0.605,8.90305,8.69565217391304
0.605,8.9182,10.8695652173913
0.605,8.93335,12.5
0.605,8.9485,16.304347826087
0.605,8.96365,8.15217391304348
0.605,8.9788,10.8695652173913
0.605,8.99395,8.15217391304348
0.605,9.0091,9.78260869565217
0.605,9.02425,5.97826086956522
0.605,9.0394,6.52173913043478
0.605,9.05455,4.34782608695652
0.605,9.0697,3.26086956521739
0.605,9.08485,5.43478260869565
0.605,9.1,10.8695652173913
0.62,8.1,3.80434782608696
0.62,8.11515,2.71739130434783
0.62,8.1303,4.89130434782609
0.62,8.14545,2.71739130434783
0.62,8.1606,3.80434782608696
0.62,8.17575,1.08695652173913
0.62,8.1909,2.71739130434783
0.62,8.20605,2.71739130434783
0.62,8.2212,1.08695652173913
0.62,8.23635,4.34782608695652
0.62,8.2515,4.89130434782609
0.62,8.26665,4.89130434782609
0.62,8.2818,3.80434782608696
0.62,8.29695,2.71739130434783
0.62,8.3121,4.89130434782609
0.62,8.32725,4.89130434782609
0.62,8.3424,2.17391304347826
0.62,8.3576,2.17391304347826
0.62,8.37275,3.26086956521739
0.62,8.3879,2.71739130434783
0.62,8.40305,7.06521739130435
0.62,8.4182,4.89130434782609
0.62,8.43335,7.60869565217391
0.62,8.4485,8.15217391304348
0.62,8.46365,10.8695652173913
0.62,8.4788,26.6304347826087
0.62,8.49395,34.2391304347826
0.62,8.5091,48.9130434782609
0.62,8.52425,64.1304347826087
0.62,8.5394,59.7826086956522
0.62,8.55455,55.9782608695652
0.62,8.5697,67.3913043478261
0.62,8.58485,68.4782608695652
0.62,8.6,59.2391304347826
0.62,8.61515,76.0869565217391
0.62,8.6303,66.304347826087
0.62,8.64545,68.4782608695652
0.62,8.6606,73.9130434782609
0.62,8.67575,76.6304347826087
0.62,8.6909,78.804347826087
0.62,8.70605,66.304347826087
0.62,8.7212,71.195652173913
0.62,8.73635,47.2826086956522
0.62,8.7515,48.3695652173913
0.62,8.76665,41.304347826087
0.62,8.7818,35.8695652173913
0.62,8.79695,18.4782608695652
0.62,8.8121,16.8478260869565
0.62,8.82725,11.4130434782609
0.62,8.8424,8.15217391304348
0.62,8.8576,7.06521739130435
0.62,8.87275,5.97826086956522
0.62,8.8879,8.15217391304348
0.62,8.90305,10.8695652173913
0.62,8.9182,11.4130434782609
0.62,8.93335,8.69565217391304
0.62,8.9485,12.5
0.62,8.96365,15.7608695652174
0.62,8.9788,13.0434782608696
0.62,8.99395,4.34782608695652
0.62,9.0091,9.23913043478261
0.62,9.02425,2.71739130434783
0.62,9.0394,3.80434782608696
0.62,9.05455,3.26086956521739
0.62,9.0697,3.80434782608696
0.62,9.08485,7.60869565217391
0.62,9.1,6.52173913043478
0.635,8.1,3.80434782608696
0.635,8.11515,1.08695652173913
0.635,8.1303,3.26086956521739
0.635,8.14545,5.43478260869565
0.635,8.1606,2.71739130434783
0.635,8.17575,3.80434782608696
0.635,8.1909,2.17391304347826
0.635,8.20605,3.80434782608696
0.635,8.2212,3.26086956521739
0.635,8.23635,3.80434782608696
0.635,8.2515,3.80434782608696
0.635,8.26665,2.17391304347826
0.635,8.2818,2.71739130434783
0.635,8.29695,4.89130434782609
0.635,8.3121,4.34782608695652
0.635,8.32725,5.43478260869565
0.635,8.3424,3.80434782608696
0.635,8.3576,2.71739130434783
0.635,8.37275,4.89130434782609
0.635,8.3879,7.06521739130435
0.635,8.40305,10.8695652173913
0.635,8.4182,12.5
0.635,8.43335,14.1304347826087
0.635,8.4485,28.2608695652174
0.635,8.46365,52.7173913043478
0.635,8.4788,63.5869565217391
0.635,8.49395,50
0.635,8.5091,67.3913043478261
0.635,8.52425,52.7173913043478
0.635,8.5394,64.1304347826087
0.635,8.55455,64.6739130434783
0.635,8.5697,64.6739130434783
0.635,8.58485,83.695652173913
0.635,8.6,83.1521739130435
0.635,8.61515,66.8478260869565
0.635,8.6303,83.1521739130435
0.635,8.64545,82.6086956521739
0.635,8.6606,75.5434782608696
0.635,8.67575,76.6304347826087
0.635,8.6909,79.8913043478261
0.635,8.70605,71.195652173913
0.635,8.7212,72.8260869565217
0.635,8.73635,63.0434782608696
0.635,8.7515,60.3260869565217
0.635,8.76665,63.0434782608696
0.635,8.7818,52.7173913043478
0.635,8.79695,41.304347826087
0.635,8.8121,23.3695652173913
0.635,8.82725,22.8260869565217
0.635,8.8424,14.6739130434783
0.635,8.8576,8.15217391304348
0.635,8.87275,12.5
0.635,8.8879,8.69565217391304
0.635,8.90305,5.97826086956522
0.635,8.9182,16.304347826087
0.635,8.93335,12.5
0.635,8.9485,16.304347826087
0.635,8.96365,11.9565217391304
0.635,8.9788,15.2173913043478
0.635,8.99395,15.2173913043478
0.635,9.0091,8.15217391304348
0.635,9.02425,5.43478260869565
0.635,9.0394,4.89130434782609
0.635,9.05455,10.3260869565217
0.635,9.0697,5.43478260869565
0.635,9.08485,1.6304347826087
0.635,9.1,6.52173913043478
0.65,8.1,6.52173913043478
0.65,8.11515,4.89130434782609
0.65,8.1303,3.80434782608696
0.65,8.14545,3.26086956521739
0.65,8.1606,2.71739130434783
0.65,8.17575,0.543478260869565
0.65,8.1909,2.71739130434783
0.65,8.20605,2.71739130434783
0.65,8.2212,2.17391304347826
0.65,8.23635,3.80434782608696
0.65,8.2515,3.80434782608696
0.65,8.26665,5.43478260869565
0.65,8.2818,4.34782608695652
0.65,8.29695,4.34782608695652
0.65,8.3121,2.17391304347826
0.65,8.32725,4.34782608695652
0.65,8.3424,3.26086956521739
0.65,8.3576,5.97826086956522
0.65,8.37275,10.3260869565217
0.65,8.3879,11.4130434782609
0.65,8.40305,22.8260869565217
0.65,8.4182,42.9347826086956
0.65,8.43335,41.8478260869565
0.65,8.4485,57.0652173913044
0.65,8.46365,71.195652173913
0.65,8.4788,70.1086956521739
0.65,8.49395,65.2173913043478
0.65,8.5091,61.9565217391304
0.65,8.52425,63.0434782608696
0.65,8.5394,67.3913043478261
0.65,8.55455,70.6521739130435
0.65,8.5697,84.2391304347826
0.65,8.58485,94.5652173913043
0.65,8.6,79.8913043478261
0.65,8.61515,65.7608695652174
0.65,8.6303,64.6739130434783
0.65,8.64545,86.9565217391304
0.65,8.6606,72.8260869565217
0.65,8.67575,82.6086956521739
0.65,8.6909,69.5652173913043
0.65,8.70605,62.5
0.65,8.7212,60.3260869565217
0.65,8.73635,59.2391304347826
0.65,8.7515,61.4130434782609
0.65,8.76665,54.8913043478261
0.65,8.7818,69.5652173913043
0.65,8.79695,58.695652173913
0.65,8.8121,44.0217391304348
0.65,8.82725,28.804347826087
0.65,8.8424,19.5652173913043
0.65,8.8576,12.5
0.65,8.87275,9.78260869565217
0.65,8.8879,7.60869565217391
0.65,8.90305,9.78260869565217
0.65,8.9182,9.23913043478261
0.65,8.93335,11.4130434782609
0.65,8.9485,16.304347826087
0.65,8.96365,12.5
0.65,8.9788,13.0434782608696
0.65,8.99395,11.9565217391304
0.65,9.0091,7.60869565217391
0.65,9.02425,5.97826086956522
0.65,9.0394,5.43478260869565
0.65,9.05455,5.43478260869565
0.65,9.0697,5.97826086956522
0.65,9.08485,4.34782608695652
0.65,9.1,3.80434782608696
0.665,8.1,4.34782608695652
0.665,8.11515,4.34782608695652
0.665,8.1303,2.71739130434783
0.665,8.14545,2.71739130434783
0.665,8.1606,1.6304347826087
0.665,8.17575,8.15217391304348
0.665,8.1909,2.17391304347826
0.665,8.20605,0
0.665,8.2212,2.71739130434783
0.665,8.23635,5.97826086956522
0.665,8.2515,4.34782608695652
0.665,8.26665,3.26086956521739
0.665,8.2818,3.26086956521739
0.665,8.29695,4.89130434782609
0.665,8.3121,7.60869565217391
0.665,8.32725,5.97826086956522
0.665,8.3424,5.97826086956522
0.665,8.3576,10.8695652173913
0.665,8.37275,12.5
0.665,8.3879,33.695652173913
0.665,8.40305,52.7173913043478
0.665,8.4182,69.5652173913043
0.665,8.43335,66.8478260869565
0.665,8.4485,68.4782608695652
0.665,8.46365,71.7391304347826
0.665,8.4788,77.1739130434783
0.665,8.49395,57.0652173913044
0.665,8.5091,58.1521739130435
0.665,8.52425,50.5434782608696
0.665,8.5394,70.1086956521739
0.665,8.55455,80.4347826086957
0.665,8.5697,82.0652173913043
0.665,8.58485,91.8478260869565
0.665,8.6,92.3913043478261
0.665,8.61515,75.5434782608696
0.665,8.6303,65.2173913043478
0.665,8.64545,100
0.665,8.6606,84.2391304347826
0.665,8.67575,69.5652173913043
0.665,8.6909,73.9130434782609
0.665,8.70605,51.0869565217391
0.665,8.7212,50.5434782608696
0.665,8.73635,45.1086956521739
0.665,8.7515,48.3695652173913
0.665,8.76665,63.0434782608696
0.665,8.7818,57.0652173913044
0.665,8.79695,54.8913043478261
0.665,8.8121,50
0.665,8.82725,45.6521739130435
0.665,8.8424,35.3260869565217
0.665,8.8576,26.6304347826087
0.665,8.87275,13.0434782608696
0.665,8.8879,11.4130434782609
0.665,8.90305,11.9565217391304
0.665,8.9182,8.69565217391304
0.665,8.93335,16.8478260869565
0.665,8.9485,13.0434782608696
0.665,8.96365,11.4130434782609
0.665,8.9788,13.5869565217391
0.665,8.99395,10.8695652173913
0.665,9.0091,8.69565217391304
0.665,9.02425,6.52173913043478
0.665,9.0394,3.26086956521739
0.665,9.05455,3.26086956521739
0.665,9.0697,3.80434782608696
0.665,9.08485,4.89130434782609
0.665,9.1,4.89130434782609
0.68,8.1,4.34782608695652
0.68,8.11515,3.80434782608696
0.68,8.1303,3.80434782608696
0.68,8.14545,2.71739130434783
0.68,8.1606,2.17391304347826
0.68,8.17575,4.34782608695652
0.68,8.1909,4.34782608695652
0.68,8.20605,3.80434782608696
0.68,8.2212,2.71739130434783
0.68,8.23635,5.97826086956522
0.68,8.2515,5.43478260869565
0.68,8.26665,6.52173913043478
0.68,8.2818,5.43478260869565
0.68,8.29695,8.15217391304348
0.68,8.3121,7.60869565217391
0.68,8.32725,6.52173913043478
0.68,8.3424,15.7608695652174
0.68,8.3576,22.2826086956522
0.68,8.37275,35.3260869565217
0.68,8.3879,41.8478260869565
0.68,8.40305,66.8478260869565
0.68,8.4182,64.1304347826087
0.68,8.43335,61.9565217391304
0.68,8.4485,51.6304347826087
0.68,8.46365,62.5
0.68,8.4788,45.1086956521739
0.68,8.49395,65.2173913043478
0.68,8.5091,50.5434782608696
0.68,8.52425,51.0869565217391
0.68,8.5394,57.0652173913044
0.68,8.55455,67.9347826086957
0.68,8.5697,70.1086956521739
0.68,8.58485,69.5652173913043
0.68,8.6,72.8260869565217
0.68,8.61515,77.1739130434783
0.68,8.6303,71.7391304347826
0.68,8.64545,67.9347826086957
0.68,8.6606,76.0869565217391
0.68,8.67575,63.0434782608696
0.68,8.6909,56.5217391304348
0.68,8.70605,45.6521739130435
0.68,8.7212,38.0434782608696
0.68,8.73635,34.2391304347826
0.68,8.7515,31.5217391304348
0.68,8.76665,35.8695652173913
0.68,8.7818,42.9347826086956
0.68,8.79695,48.3695652173913
0.68,8.8121,63.5869565217391
0.68,8.82725,48.3695652173913
0.68,8.8424,45.1086956521739
0.68,8.8576,33.1521739130435
0.68,8.87275,27.1739130434783
0.68,8.8879,13.0434782608696
0.68,8.90305,10.3260869565217
0.68,8.9182,7.06521739130435
0.68,8.93335,11.9565217391304
0.68,8.9485,9.23913043478261
0.68,8.96365,7.06521739130435
0.68,8.9788,11.9565217391304
0.68,8.99395,8.69565217391304
0.68,9.0091,9.78260869565217
0.68,9.02425,4.89130434782609
0.68,9.0394,8.69565217391304
0.68,9.05455,2.71739130434783
0.68,9.0697,9.23913043478261
0.68,9.08485,4.89130434782609
0.68,9.1,4.89130434782609
0.695,8.1,2.17391304347826
0.695,8.11515,7.06521739130435
0.695,8.1303,2.71739130434783
0.695,8.14545,4.89130434782609
0.695,8.1606,1.08695652173913
0.695,8.17575,5.43478260869565
0.695,8.1909,2.71739130434783
0.695,8.20605,3.80434782608696
0.695,8.2212,3.26086956521739
0.695,8.23635,1.6304347826087
0.695,8.2515,3.26086956521739
0.695,8.26665,5.97826086956522
0.695,8.2818,7.06521739130435
0.695,8.29695,7.06521739130435
0.695,8.3121,11.9565217391304
0.695,8.32725,16.304347826087
0.695,8.3424,32.0652173913044
0.695,8.3576,44.0217391304348
0.695,8.37275,40.7608695652174
0.695,8.3879,40.7608695652174
0.695,8.40305,77.7173913043478
0.695,8.4182,58.1521739130435
0.695,8.43335,65.2173913043478
0.695,8.4485,72.8260869565217
0.695,8.46365,50.5434782608696
0.695,8.4788,55.4347826086956
0.695,8.49395,55.4347826086956
0.695,8.5091,58.1521739130435
0.695,8.52425,53.2608695652174
0.695,8.5394,56.5217391304348
0.695,8.55455,47.8260869565217
0.695,8.5697,52.1739130434783
0.695,8.58485,59.2391304347826
0.695,8.6,52.7173913043478
0.695,8.61515,71.7391304347826
0.695,8.6303,55.4347826086956
0.695,8.64545,59.2391304347826
0.695,8.6606,60.3260869565217
0.695,8.67575,61.4130434782609
0.695,8.6909,39.1304347826087
0.695,8.70605,40.2173913043478
0.695,8.7212,28.2608695652174
0.695,8.73635,28.2608695652174
0.695,8.7515,21.7391304347826
0.695,8.76665,24.4565217391304
0.695,8.7818,22.2826086956522
0.695,8.79695,29.3478260869565
0.695,8.8121,36.4130434782609
0.695,8.82725,36.9565217391304
0.695,8.8424,34.7826086956522
0.695,8.8576,43.4782608695652
0.695,8.87275,32.0652173913044
0.695,8.8879,23.3695652173913
0.695,8.90305,14.6739130434783
0.695,8.9182,13.0434782608696
0.695,8.93335,10.8695652173913
0.695,8.9485,11.9565217391304
0.695,8.96365,11.4130434782609
0.695,8.9788,14.1304347826087
0.695,8.99395,5.43478260869565
0.695,9.0091,15.2173913043478
0.695,9.02425,10.3260869565217
0.695,9.0394,5.97826086956522
0.695,9.05455,8.15217391304348
0.695,9.0697,7.06521739130435
0.695,9.08485,3.80434782608696
0.695,9.1,5.43478260869565
0.71,8.1,2.71739130434783
0.71,8.11515,5.97826086956522
0.71,8.1303,2.17391304347826
0.71,8.14545,3.26086956521739
0.71,8.1606,5.97826086956522
0.71,8.17575,2.17391304347826
0.71,8.1909,3.80434782608696
0.71,8.20605,1.08695652173913
0.71,8.2212,4.34782608695652
0.71,8.23635,5.97826086956522
0.71,8.2515,4.89130434782609
0.71,8.26665,5.43478260869565
0.71,8.2818,8.69565217391304
0.71,8.29695,19.0217391304348
0.71,8.3121,30.9782608695652
0.71,8.32725,44.0217391304348
0.71,8.3424,58.1521739130435
0.71,8.3576,48.3695652173913
0.71,8.37275,50
0.71,8.3879,45.1086956521739
0.71,8.40305,79.3478260869565
0.71,8.4182,54.8913043478261
0.71,8.43335,62.5
0.71,8.4485,57.6086956521739
0.71,8.46365,57.0652173913044
0.71,8.4788,56.5217391304348
0.71,8.49395,55.9782608695652
0.71,8.5091,49.4565217391304
0.71,8.52425,49.4565217391304
0.71,8.5394,46.195652173913
0.71,8.55455,55.9782608695652
0.71,8.5697,54.8913043478261
0.71,8.58485,57.0652173913044
0.71,8.6,52.7173913043478
0.71,8.61515,50
0.71,8.6303,54.8913043478261
0.71,8.64545,51.6304347826087
0.71,8.6606,47.8260869565217
0.71,8.67575,41.304347826087
0.71,8.6909,30.4347826086957
0.71,8.70605,31.5217391304348
0.71,8.7212,21.7391304347826
0.71,8.73635,16.304347826087
0.71,8.7515,13.0434782608696
0.71,8.76665,16.304347826087
0.71,8.7818,14.6739130434783
0.71,8.79695,17.9347826086957
0.71,8.8121,19.0217391304348
0.71,8.82725,16.304347826087
0.71,8.8424,42.3913043478261
0.71,8.8576,42.3913043478261
0.71,8.87275,32.6086956521739
0.71,8.8879,33.1521739130435
0.71,8.90305,20.6521739130435
0.71,8.9182,11.4130434782609
0.71,8.93335,9.23913043478261
0.71,8.9485,8.15217391304348
0.71,8.96365,7.06521739130435
0.71,8.9788,13.5869565217391
0.71,8.99395,7.60869565217391
0.71,9.0091,12.5
0.71,9.02425,7.60869565217391
0.71,9.0394,11.4130434782609
0.71,9.05455,5.43478260869565
0.71,9.0697,5.97826086956522
0.71,9.08485,3.80434782608696
0.71,9.1,2.71739130434783
0.725,8.1,3.26086956521739
0.725,8.11515,2.71739130434783
0.725,8.1303,3.26086956521739
0.725,8.14545,2.17391304347826
0.725,8.1606,3.26086956521739
0.725,8.17575,3.26086956521739
0.725,8.1909,0.543478260869565
0.725,8.20605,1.6304347826087
0.725,8.2212,2.71739130434783
0.725,8.23635,3.26086956521739
0.725,8.2515,3.80434782608696
0.725,8.26665,8.69565217391304
0.725,8.2818,15.2173913043478
0.725,8.29695,27.7173913043478
0.725,8.3121,44.5652173913044
0.725,8.32725,48.9130434782609
0.725,8.3424,56.5217391304348
0.725,8.3576,50.5434782608696
0.725,8.37275,52.1739130434783
0.725,8.3879,44.5652173913044
0.725,8.40305,54.8913043478261
0.725,8.4182,53.804347826087
0.725,8.43335,51.0869565217391
0.725,8.4485,44.0217391304348
0.725,8.46365,60.8695652173913
0.725,8.4788,51.6304347826087
0.725,8.49395,47.2826086956522
0.725,8.5091,47.2826086956522
0.725,8.52425,50
0.725,8.5394,55.4347826086956
0.725,8.55455,51.6304347826087
0.725,8.5697,67.3913043478261
0.725,8.58485,63.5869565217391
0.725,8.6,65.7608695652174
0.725,8.61515,48.3695652173913
0.725,8.6303,55.9782608695652
0.725,8.64545,46.195652173913
0.725,8.6606,42.3913043478261
0.725,8.67575,41.304347826087
0.725,8.6909,34.2391304347826
0.725,8.70605,17.9347826086957
0.725,8.7212,20.1086956521739
0.725,8.73635,13.5869565217391
0.725,8.7515,9.78260869565217
0.725,8.76665,8.69565217391304
0.725,8.7818,11.9565217391304
0.725,8.79695,8.15217391304348
0.725,8.8121,5.43478260869565
0.725,8.82725,11.4130434782609
0.725,8.8424,25
0.725,8.8576,31.5217391304348
0.725,8.87275,35.8695652173913
0.725,8.8879,9.78260869565217
0.725,8.90305,22.8260869565217
0.725,8.9182,24.4565217391304
0.725,8.93335,23.3695652173913
0.725,8.9485,8.15217391304348
0.725,8.96365,12.5
0.725,8.9788,10.3260869565217
0.725,8.99395,13.0434782608696
0.725,9.0091,8.15217391304348
0.725,9.02425,9.23913043478261
0.725,9.0394,9.78260869565217
0.725,9.05455,8.69565217391304
0.725,9.0697,7.06521739130435
0.725,9.08485,8.15217391304348
0.725,9.1,3.80434782608696
0.74,8.1,2.71739130434783
0.74,8.11515,4.34782608695652
0.74,8.1303,3.26086956521739
0.74,8.14545,3.26086956521739
0.74,8.1606,3.80434782608696
0.74,8.17575,4.34782608695652
0.74,8.1909,4.89130434782609
0.74,8.20605,2.17391304347826
0.74,8.2212,3.80434782608696
0.74,8.23635,7.60869565217391
0.74,8.2515,8.69565217391304
0.74,8.26665,14.6739130434783
0.74,8.2818,28.804347826087
0.74,8.29695,55.4347826086956
0.74,8.3121,63.0434782608696
0.74,8.32725,61.4130434782609
0.74,8.3424,58.695652173913
0.74,8.3576,49.4565217391304
0.74,8.37275,50.5434782608696
0.74,8.3879,43.4782608695652
0.74,8.40305,61.9565217391304
0.74,8.4182,61.9565217391304
0.74,8.43335,64.1304347826087
0.74,8.4485,56.5217391304348
0.74,8.46365,65.7608695652174
0.74,8.4788,64.6739130434783
0.74,8.49395,53.2608695652174
0.74,8.5091,55.4347826086956
0.74,8.52425,50
0.74,8.5394,49.4565217391304
0.74,8.55455,61.4130434782609
0.74,8.5697,59.2391304347826
0.74,8.58485,54.8913043478261
0.74,8.6,59.2391304347826
0.74,8.61515,58.695652173913
0.74,8.6303,58.695652173913
0.74,8.64545,44.5652173913044
0.74,8.6606,38.5869565217391
0.74,8.67575,42.9347826086956
0.74,8.6909,29.3478260869565
0.74,8.70605,16.8478260869565
0.74,8.7212,19.0217391304348
0.74,8.73635,10.3260869565217
0.74,8.7515,8.69565217391304
0.74,8.76665,8.15217391304348
0.74,8.7818,6.52173913043478
0.74,8.79695,5.97826086956522
0.74,8.8121,9.23913043478261
0.74,8.82725,10.8695652173913
0.74,8.8424,14.6739130434783
0.74,8.8576,20.1086956521739
0.74,8.87275,22.8260869565217
0.74,8.8879,32.6086956521739
0.74,8.90305,32.0652173913044
0.74,8.9182,23.3695652173913
0.74,8.93335,21.195652173913
0.74,8.9485,11.4130434782609
0.74,8.96365,7.60869565217391
0.74,8.9788,11.9565217391304
0.74,8.99395,15.2173913043478
0.74,9.0091,10.3260869565217
0.74,9.02425,4.34782608695652
0.74,9.0394,7.06521739130435
0.74,9.05455,7.60869565217391
0.74,9.0697,5.43478260869565
0.74,9.08485,4.89130434782609
0.74,9.1,5.97826086956522
0.755,8.1,2.71739130434783
0.755,8.11515,1.6304347826087
0.755,8.1303,2.17391304347826
0.755,8.14545,4.34782608695652
0.755,8.1606,3.26086956521739
0.755,8.17575,3.26086956521739
0.755,8.1909,3.80434782608696
0.755,8.20605,0.543478260869565
0.755,8.2212,5.43478260869565
0.755,8.23635,8.15217391304348
0.755,8.2515,17.3913043478261
0.755,8.26665,26.6304347826087
0.755,8.2818,47.2826086956522
0.755,8.29695,65.2173913043478
0.755,8.3121,64.1304347826087
0.755,8.32725,65.2173913043478
0.755,8.3424,54.3478260869565
0.755,8.3576,41.304347826087
0.755,8.37275,51.0869565217391
0.755,8.3879,39.1304347826087
0.755,8.40305,66.8478260869565
0.755,8.4182,69.5652173913043
0.755,8.43335,54.3478260869565
0.755,8.4485,61.4130434782609
0.755,8.46365,46.195652173913
0.755,8.4788,53.804347826087
0.755,8.49395,57.6086956521739
0.755,8.5091,52.1739130434783
0.755,8.52425,64.1304347826087
0.755,8.5394,67.3913043478261
0.755,8.55455,56.5217391304348
0.755,8.5697,69.0217391304348
0.755,8.58485,56.5217391304348
0.755,8.6,52.1739130434783
0.755,8.61515,52.7173913043478
0.755,8.6303,47.8260869565217
0.755,8.64545,50.5434782608696
0.755,8.6606,39.6739130434783
0.755,8.67575,26.0869565217391
0.755,8.6909,32.0652173913044
0.755,8.70605,17.3913043478261
0.755,8.7212,16.304347826087
0.755,8.73635,13.5869565217391
0.755,8.7515,8.69565217391304
0.755,8.76665,7.60869565217391
0.755,8.7818,8.15217391304348
0.755,8.79695,4.34782608695652
0.755,8.8121,5.43478260869565
0.755,8.82725,7.60869565217391
0.755,8.8424,12.5
0.755,8.8576,15.2173913043478
0.755,8.87275,13.5869565217391
0.755,8.8879,19.0217391304348
0.755,8.90305,27.7173913043478
0.755,8.9182,25.5434782608696
0.755,8.93335,25.5434782608696
0.755,8.9485,17.9347826086957
0.755,8.96365,10.8695652173913
0.755,8.9788,10.8695652173913
0.755,8.99395,8.69565217391304
0.755,9.0091,6.52173913043478
0.755,9.02425,10.3260869565217
0.755,9.0394,8.15217391304348
0.755,9.05455,3.80434782608696
0.755,9.0697,4.89130434782609
0.755,9.08485,4.89130434782609
0.755,9.1,4.34782608695652
0.77,8.1,4.34782608695652
0.77,8.11515,2.71739130434783
0.77,8.1303,4.34782608695652
0.77,8.14545,3.80434782608696
0.77,8.1606,5.43478260869565
0.77,8.17575,3.80434782608696
0.77,8.1909,3.26086956521739
0.77,8.20605,3.26086956521739
0.77,8.2212,3.26086956521739
0.77,8.23635,10.3260869565217
0.77,8.2515,26.6304347826087
0.77,8.26665,48.3695652173913
0.77,8.2818,64.6739130434783
0.77,8.29695,60.8695652173913
0.77,8.3121,57.6086956521739
0.77,8.32725,55.9782608695652
0.77,8.3424,58.695652173913
0.77,8.3576,54.3478260869565
0.77,8.37275,47.8260869565217
0.77,8.3879,70.1086956521739
0.77,8.40305,55.9782608695652
0.77,8.4182,58.1521739130435
0.77,8.43335,52.7173913043478
0.77,8.4485,58.1521739130435
0.77,8.46365,63.0434782608696
0.77,8.4788,53.2608695652174
0.77,8.49395,60.3260869565217
0.77,8.5091,59.2391304347826
0.77,8.52425,60.3260869565217
0.77,8.5394,49.4565217391304
0.77,8.55455,58.1521739130435
0.77,8.5697,62.5
0.77,8.58485,63.0434782608696
0.77,8.6,61.4130434782609
0.77,8.61515,59.7826086956522
0.77,8.6303,54.3478260869565
0.77,8.64545,51.6304347826087
0.77,8.6606,39.1304347826087
0.77,8.67575,26.0869565217391
0.77,8.6909,30.9782608695652
0.77,8.70605,19.0217391304348
0.77,8.7212,14.6739130434783
0.77,8.73635,13.5869565217391
0.77,8.7515,11.4130434782609
0.77,8.76665,8.15217391304348
0.77,8.7818,7.06521739130435
0.77,8.79695,2.71739130434783
0.77,8.8121,3.26086956521739
0.77,8.82725,4.89130434782609
0.77,8.8424,4.89130434782609
0.77,8.8576,8.69565217391304
0.77,8.87275,14.6739130434783
0.77,8.8879,16.304347826087
0.77,8.90305,22.2826086956522
0.77,8.9182,27.7173913043478
0.77,8.93335,26.6304347826087
0.77,8.9485,26.0869565217391
0.77,8.96365,21.195652173913
0.77,8.9788,14.1304347826087
0.77,8.99395,9.78260869565217
0.77,9.0091,9.78260869565217
0.77,9.02425,8.69565217391304
0.77,9.0394,7.60869565217391
0.77,9.05455,5.43478260869565
0.77,9.0697,3.80434782608696
0.77,9.08485,4.89130434782609
0.77,9.1,3.26086956521739
0.785,8.1,1.6304347826087
0.785,8.11515,2.17391304347826
0.785,8.1303,2.17391304347826
0.785,8.14545,0.543478260869565
0.785,8.1606,4.34782608695652
0.785,8.17575,2.71739130434783
0.785,8.1909,3.26086956521739
0.785,8.20605,3.26086956521739
0.785,8.2212,3.26086956521739
0.785,8.23635,17.3913043478261
0.785,8.2515,28.804347826087
0.785,8.26665,68.4782608695652
0.785,8.2818,67.9347826086957
0.785,8.29695,69.0217391304348
0.785,8.3121,63.5869565217391
0.785,8.32725,48.3695652173913
0.785,8.3424,50.5434782608696
0.785,8.3576,53.2608695652174
0.785,8.37275,47.2826086956522
0.785,8.3879,55.9782608695652
0.785,8.40305,65.2173913043478
0.785,8.4182,56.5217391304348
0.785,8.43335,51.0869565217391
0.785,8.4485,53.2608695652174
0.785,8.46365,54.3478260869565
0.785,8.4788,51.6304347826087
0.785,8.49395,66.8478260869565
0.785,8.5091,67.9347826086957
0.785,8.52425,52.1739130434783
0.785,8.5394,58.695652173913
0.785,8.55455,51.6304347826087
0.785,8.5697,55.9782608695652
0.785,8.58485,70.1086956521739
0.785,8.6,60.8695652173913
0.785,8.61515,47.2826086956522
0.785,8.6303,54.3478260869565
0.785,8.64545,45.6521739130435
0.785,8.6606,28.804347826087
0.785,8.67575,26.0869565217391
0.785,8.6909,19.5652173913043
0.785,8.70605,13.5869565217391
0.785,8.7212,15.7608695652174
0.785,8.73635,12.5
0.785,8.7515,11.4130434782609
0.785,8.76665,7.06521739130435
0.785,8.7818,14.6739130434783
0.785,8.79695,9.23913043478261
0.785,8.8121,5.43478260869565
0.785,8.82725,3.80434782608696
0.785,8.8424,9.23913043478261
0.785,8.8576,5.43478260869565
0.785,8.87275,9.78260869565217
0.785,8.8879,10.8695652173913
0.785,8.90305,13.5869565217391
0.785,8.9182,20.1086956521739
0.785,8.93335,27.7173913043478
0.785,8.9485,22.8260869565217
0.785,8.96365,25.5434782608696
0.785,8.9788,16.304347826087
0.785,8.99395,15.7608695652174
0.785,9.0091,6.52173913043478
0.785,9.02425,8.15217391304348
0.785,9.0394,10.8695652173913
0.785,9.05455,8.15217391304348
0.785,9.0697,3.80434782608696
0.785,9.08485,4.89130434782609
0.785,9.1,3.26086956521739
0.8,8.1,4.34782608695652
0.8,8.11515,5.97826086956522
0.8,8.1303,1.6304347826087
0.8,8.14545,5.43478260869565
0.8,8.1606,3.26086956521739
0.8,8.17575,4.34782608695652
0.8,8.1909,4.89130434782609
0.8,8.20605,3.80434782608696
0.8,8.2212,9.23913043478261
0.8,8.23635,26.0869565217391
0.8,8.2515,51.6304347826087
0.8,8.26665,64.6739130434783
0.8,8.2818,67.9347826086957
0.8,8.29695,66.8478260869565
0.8,8.3121,74.4565217391304
0.8,8.32725,58.695652173913
0.8,8.3424,71.7391304347826
0.8,8.3576,44.0217391304348
0.8,8.37275,44.0217391304348
0.8,8.3879,64.1304347826087
0.8,8.40305,61.4130434782609
0.8,8.4182,45.6521739130435
0.8,8.43335,55.4347826086956
0.8,8.4485,50.5434782608696
0.8,8.46365,42.9347826086956
0.8,8.4788,51.6304347826087
0.8,8.49395,57.6086956521739
0.8,8.5091,70.6521739130435
0.8,8.52425,53.2608695652174
0.8,8.5394,58.1521739130435
0.8,8.55455,55.9782608695652
0.8,8.5697,68.4782608695652
0.8,8.58485,70.6521739130435
0.8,8.6,63.0434782608696
0.8,8.61515,61.9565217391304
0.8,8.6303,55.9782608695652
0.8,8.64545,36.4130434782609
0.8,8.6606,29.8913043478261
0.8,8.67575,25
0.8,8.6909,24.4565217391304
0.8,8.70605,17.9347826086957
0.8,8.7212,10.3260869565217
0.8,8.73635,13.5869565217391
0.8,8.7515,5.97826086956522
0.8,8.76665,10.8695652173913
0.8,8.7818,6.52173913043478
0.8,8.79695,5.97826086956522
0.8,8.8121,5.97826086956522
0.8,8.82725,4.34782608695652
0.8,8.8424,6.52173913043478
0.8,8.8576,7.06521739130435
0.8,8.87275,10.8695652173913
0.8,8.8879,10.8695652173913
0.8,8.90305,9.78260869565217
0.8,8.9182,15.2173913043478
0.8,8.93335,19.5652173913043
0.8,8.9485,16.8478260869565
0.8,8.96365,28.2608695652174
0.8,8.9788,14.6739130434783
0.8,8.99395,15.7608695652174
0.8,9.0091,10.3260869565217
0.8,9.02425,8.15217391304348
0.8,9.0394,8.69565217391304
0.8,9.05455,8.69565217391304
0.8,9.0697,9.23913043478261
0.8,9.08485,5.43478260869565
0.8,9.1,3.26086956521739
0.815,8.1,4.34782608695652
0.815,8.11515,4.89130434782609
0.815,8.1303,1.08695652173913
0.815,8.14545,4.89130434782609
0.815,8.1606,3.26086956521739
0.815,8.17575,3.26086956521739
0.815,8.1909,5.43478260869565
0.815,8.20605,6.52173913043478
0.815,8.2212,8.69565217391304
0.815,8.23635,38.0434782608696
0.815,8.2515,77.1739130434783
0.815,8.26665,69.0217391304348
0.815,8.2818,58.695652173913
0.815,8.29695,67.9347826086957
0.815,8.3121,76.0869565217391
0.815,8.32725,57.6086956521739
0.815,8.3424,55.9782608695652
0.815,8.3576,49.4565217391304
0.815,8.37275,37.5
0.815,8.3879,59.2391304347826
0.815,8.40305,59.2391304347826
0.815,8.4182,53.804347826087
0.815,8.43335,57.6086956521739
0.815,8.4485,56.5217391304348
0.815,8.46365,52.1739130434783
0.815,8.4788,44.0217391304348
0.815,8.49395,68.4782608695652
0.815,8.5091,58.695652173913
0.815,8.52425,67.3913043478261
0.815,8.5394,73.3695652173913
0.815,8.55455,76.6304347826087
0.815,8.5697,59.2391304347826
0.815,8.58485,65.2173913043478
0.815,8.6,60.3260869565217
0.815,8.61515,50.5434782608696
0.815,8.6303,44.5652173913044
0.815,8.64545,35.8695652173913
0.815,8.6606,25
0.815,8.67575,28.2608695652174
0.815,8.6909,21.7391304347826
0.815,8.70605,19.0217391304348
0.815,8.7212,15.7608695652174
0.815,8.73635,10.3260869565217
0.815,8.7515,12.5
0.815,8.76665,13.0434782608696
0.815,8.7818,12.5
0.815,8.79695,8.15217391304348
0.815,8.8121,5.43478260869565
0.815,8.82725,4.34782608695652
0.815,8.8424,7.60869565217391
0.815,8.8576,4.89130434782609
0.815,8.87275,5.97826086956522
0.815,8.8879,9.23913043478261
0.815,8.90305,7.60869565217391
0.815,8.9182,9.23913043478261
0.815,8.93335,17.9347826086957
0.815,8.9485,17.9347826086957
0.815,8.96365,22.8260869565217
0.815,8.9788,29.3478260869565
0.815,8.99395,18.4782608695652
0.815,9.0091,15.7608695652174
0.815,9.02425,11.4130434782609
0.815,9.0394,10.3260869565217
0.815,9.05455,13.0434782608696
0.815,9.0697,5.97826086956522
0.815,9.08485,5.43478260869565
0.815,9.1,7.06521739130435
0.83,8.1,1.08695652173913
0.83,8.11515,7.06521739130435
0.83,8.1303,4.34782608695652
0.83,8.14545,2.71739130434783
0.83,8.1606,1.08695652173913
0.83,8.17575,3.26086956521739
0.83,8.1909,4.34782608695652
0.83,8.20605,6.52173913043478
0.83,8.2212,23.9130434782609
0.83,8.23635,47.2826086956522
0.83,8.2515,89.1304347826087
0.83,8.26665,67.9347826086957
0.83,8.2818,92.3913043478261
0.83,8.29695,72.2826086956522
0.83,8.3121,67.3913043478261
0.83,8.32725,64.1304347826087
0.83,8.3424,64.1304347826087
0.83,8.3576,45.1086956521739
0.83,8.37275,42.3913043478261
0.83,8.3879,64.6739130434783
0.83,8.40305,69.0217391304348
0.83,8.4182,67.3913043478261
0.83,8.43335,62.5
0.83,8.4485,52.7173913043478
0.83,8.46365,69.0217391304348
0.83,8.4788,78.804347826087
0.83,8.49395,61.9565217391304
0.83,8.5091,84.2391304347826
0.83,8.52425,67.3913043478261
0.83,8.5394,66.8478260869565
0.83,8.55455,70.6521739130435
0.83,8.5697,66.8478260869565
0.83,8.58485,66.304347826087
0.83,8.6,69.5652173913043
0.83,8.61515,54.3478260869565
0.83,8.6303,41.8478260869565
0.83,8.64545,39.6739130434783
0.83,8.6606,32.6086956521739
0.83,8.67575,28.2608695652174
0.83,8.6909,23.9130434782609
0.83,8.70605,17.3913043478261
0.83,8.7212,16.304347826087
0.83,8.73635,9.78260869565217
0.83,8.7515,13.0434782608696
0.83,8.76665,9.78260869565217
0.83,8.7818,9.23913043478261
0.83,8.79695,10.3260869565217
0.83,8.8121,6.52173913043478
0.83,8.82725,4.34782608695652
0.83,8.8424,7.60869565217391
0.83,8.8576,3.26086956521739
0.83,8.87275,3.80434782608696
0.83,8.8879,3.80434782608696
0.83,8.90305,4.89130434782609
0.83,8.9182,3.80434782608696
0.83,8.93335,5.97826086956522
0.83,8.9485,15.2173913043478
0.83,8.96365,17.9347826086957
0.83,8.9788,26.0869565217391
0.83,8.99395,15.7608695652174
0.83,9.0091,16.304347826087
0.83,9.02425,11.9565217391304
0.83,9.0394,11.4130434782609
0.83,9.05455,7.06521739130435
0.83,9.0697,5.43478260869565
0.83,9.08485,8.69565217391304
0.83,9.1,8.69565217391304
0.845,8.1,5.43478260869565
0.845,8.11515,5.97826086956522
0.845,8.1303,3.80434782608696
0.845,8.14545,2.17391304347826
0.845,8.1606,4.34782608695652
0.845,8.17575,7.60869565217391
0.845,8.1909,5.43478260869565
0.845,8.20605,13.5869565217391
0.845,8.2212,24.4565217391304
0.845,8.23635,55.9782608695652
0.845,8.2515,81.5217391304348
0.845,8.26665,85.8695652173913
0.845,8.2818,86.9565217391304
0.845,8.29695,83.1521739130435
0.845,8.3121,72.8260869565217
0.845,8.32725,63.5869565217391
0.845,8.3424,61.9565217391304
0.845,8.3576,60.3260869565217
0.845,8.37275,46.195652173913
0.845,8.3879,82.0652173913043
0.845,8.40305,70.6521739130435
0.845,8.4182,75.5434782608696
0.845,8.43335,67.9347826086957
0.845,8.4485,61.9565217391304
0.845,8.46365,77.1739130434783
0.845,8.4788,86.9565217391304
0.845,8.49395,63.5869565217391
0.845,8.5091,85.8695652173913
0.845,8.52425,82.0652173913043
0.845,8.5394,83.1521739130435
0.845,8.55455,80.9782608695652
0.845,8.5697,61.4130434782609
0.845,8.58485,60.3260869565217
0.845,8.6,61.4130434782609
0.845,8.61515,73.9130434782609
0.845,8.6303,47.2826086956522
0.845,8.64545,39.1304347826087
0.845,8.6606,26.0869565217391
0.845,8.67575,22.2826086956522
0.845,8.6909,19.0217391304348
0.845,8.70605,19.5652173913043
0.845,8.7212,17.9347826086957
0.845,8.73635,12.5
0.845,8.7515,10.3260869565217
0.845,8.76665,8.15217391304348
0.845,8.7818,9.23913043478261
0.845,8.79695,13.0434782608696
0.845,8.8121,8.15217391304348
0.845,8.82725,3.26086956521739
0.845,8.8424,6.52173913043478
0.845,8.8576,8.15217391304348
0.845,8.87275,4.34782608695652
0.845,8.8879,7.60869565217391
0.845,8.90305,3.80434782608696
0.845,8.9182,8.15217391304348
0.845,8.93335,9.78260869565217
0.845,8.9485,9.78260869565217
0.845,8.96365,10.3260869565217
0.845,8.9788,10.8695652173913
0.845,8.99395,19.0217391304348
0.845,9.0091,17.9347826086957
0.845,9.02425,18.4782608695652
0.845,9.0394,13.0434782608696
0.845,9.05455,17.9347826086957
0.845,9.0697,7.60869565217391
0.845,9.08485,4.34782608695652
0.845,9.1,3.26086956521739
0.86,8.1,8.15217391304348
0.86,8.11515,3.80434782608696
0.86,8.1303,2.71739130434783
0.86,8.14545,2.71739130434783
0.86,8.1606,2.71739130434783
0.86,8.17575,4.34782608695652
0.86,8.1909,13.0434782608696
0.86,8.20605,8.69565217391304
0.86,8.2212,8.15217391304348
0.86,8.23635,48.3695652173913
0.86,8.2515,71.7391304347826
0.86,8.26665,100
0.86,8.2818,96.7391304347826
0.86,8.29695,66.304347826087
0.86,8.3121,58.695652173913
0.86,8.32725,68.4782608695652
0.86,8.3424,54.8913043478261
0.86,8.3576,52.1739130434783
0.86,8.37275,40.2173913043478
0.86,8.3879,50
0.86,8.40305,62.5
0.86,8.4182,63.5869565217391
0.86,8.43335,71.7391304347826
0.86,8.4485,77.7173913043478
0.86,8.46365,71.195652173913
0.86,8.4788,76.6304347826087
0.86,8.49395,74.4565217391304
0.86,8.5091,85.8695652173913
0.86,8.52425,74.4565217391304
0.86,8.5394,85.8695652173913
0.86,8.55455,77.7173913043478
0.86,8.5697,77.7173913043478
0.86,8.58485,78.2608695652174
0.86,8.6,57.0652173913044
0.86,8.61515,52.7173913043478
0.86,8.6303,51.0869565217391
0.86,8.64545,41.304347826087
0.86,8.6606,25
0.86,8.67575,24.4565217391304
0.86,8.6909,20.6521739130435
0.86,8.70605,21.195652173913
0.86,8.7212,19.0217391304348
0.86,8.73635,17.9347826086957
0.86,8.7515,17.3913043478261
0.86,8.76665,13.0434782608696
0.86,8.7818,14.1304347826087
0.86,8.79695,11.4130434782609
0.86,8.8121,14.1304347826087
0.86,8.82725,8.69565217391304
0.86,8.8424,5.97826086956522
0.86,8.8576,5.97826086956522
0.86,8.87275,4.89130434782609
0.86,8.8879,3.80434782608696
0.86,8.90305,5.43478260869565
0.86,8.9182,4.89130434782609
0.86,8.93335,10.8695652173913
0.86,8.9485,12.5
0.86,8.96365,7.60869565217391
0.86,8.9788,20.6521739130435
0.86,8.99395,13.0434782608696
0.86,9.0091,18.4782608695652
0.86,9.02425,17.3913043478261
0.86,9.0394,15.7608695652174
0.86,9.05455,16.304347826087
0.86,9.0697,11.4130434782609
0.86,9.08485,10.8695652173913
0.86,9.1,9.23913043478261
0.875,8.1,2.71739130434783
0.875,8.11515,6.52173913043478
0.875,8.1303,2.71739130434783
0.875,8.14545,3.26086956521739
0.875,8.1606,4.34782608695652
0.875,8.17575,7.06521739130435
0.875,8.1909,8.15217391304348
0.875,8.20605,10.3260869565217
0.875,8.2212,37.5
0.875,8.23635,64.1304347826087
0.875,8.2515,86.4130434782609
0.875,8.26665,89.1304347826087
0.875,8.2818,86.9565217391304
0.875,8.29695,71.7391304347826
0.875,8.3121,63.5869565217391
0.875,8.32725,51.0869565217391
0.875,8.3424,40.2173913043478
0.875,8.3576,25
0.875,8.37275,28.804347826087
0.875,8.3879,54.8913043478261
0.875,8.40305,63.0434782608696
0.875,8.4182,63.5869565217391
0.875,8.43335,69.0217391304348
0.875,8.4485,71.195652173913
0.875,8.46365,73.3695652173913
0.875,8.4788,60.3260869565217
0.875,8.49395,85.3260869565217
0.875,8.5091,82.0652173913043
0.875,8.52425,80.9782608695652
0.875,8.5394,77.7173913043478
0.875,8.55455,75
0.875,8.5697,95.1086956521739
0.875,8.58485,81.5217391304348
0.875,8.6,66.304347826087
0.875,8.61515,56.5217391304348
0.875,8.6303,48.9130434782609
0.875,8.64545,34.7826086956522
0.875,8.6606,28.2608695652174
0.875,8.67575,19.0217391304348
0.875,8.6909,19.0217391304348
0.875,8.70605,16.304347826087
0.875,8.7212,7.60869565217391
0.875,8.73635,11.4130434782609
0.875,8.7515,14.6739130434783
0.875,8.76665,11.4130434782609
0.875,8.7818,17.9347826086957
0.875,8.79695,13.0434782608696
0.875,8.8121,8.69565217391304
0.875,8.82725,12.5
0.875,8.8424,8.69565217391304
0.875,8.8576,9.23913043478261
0.875,8.87275,8.15217391304348
0.875,8.8879,9.78260869565217
0.875,8.90305,6.52173913043478
0.875,8.9182,4.34782608695652
0.875,8.93335,4.89130434782609
0.875,8.9485,5.97826086956522
0.875,8.96365,7.06521739130435
0.875,8.9788,8.69565217391304
0.875,8.99395,10.3260869565217
0.875,9.0091,20.1086956521739
0.875,9.02425,15.2173913043478
0.875,9.0394,13.0434782608696
0.875,9.05455,14.6739130434783
0.875,9.0697,16.304347826087
0.875,9.08485,7.06521739130435
0.875,9.1,5.97826086956522
0.89,8.1,2.71739130434783
0.89,8.11515,3.80434782608696
0.89,8.1303,1.6304347826087
0.89,8.14545,4.34782608695652
0.89,8.1606,7.06521739130435
0.89,8.17575,5.43478260869565
0.89,8.1909,8.15217391304348
0.89,8.20605,17.3913043478261
0.89,8.2212,44.0217391304348
0.89,8.23635,70.1086956521739
0.89,8.2515,87.5
0.89,8.26665,95.6521739130435
0.89,8.2818,83.1521739130435
0.89,8.29695,66.304347826087
0.89,8.3121,51.0869565217391
0.89,8.32725,25.5434782608696
0.89,8.3424,21.7391304347826
0.89,8.3576,19.0217391304348
0.89,8.37275,27.1739130434783
0.89,8.3879,63.5869565217391
0.89,8.40305,58.1521739130435
0.89,8.4182,64.1304347826087
0.89,8.43335,52.7173913043478
0.89,8.4485,55.4347826086956
0.89,8.46365,53.804347826087
0.89,8.4788,45.6521739130435
0.89,8.49395,48.9130434782609
0.89,8.5091,59.7826086956522
0.89,8.52425,65.7608695652174
0.89,8.5394,51.6304347826087
0.89,8.55455,63.0434782608696
0.89,8.5697,69.5652173913043
0.89,8.58485,60.8695652173913
0.89,8.6,72.2826086956522
0.89,8.61515,44.5652173913044
0.89,8.6303,34.7826086956522
0.89,8.64545,29.3478260869565
0.89,8.6606,23.9130434782609
0.89,8.67575,15.7608695652174
0.89,8.6909,17.9347826086957
0.89,8.70605,17.3913043478261
0.89,8.7212,17.9347826086957
0.89,8.73635,12.5
0.89,8.7515,11.4130434782609
0.89,8.76665,14.6739130434783
0.89,8.7818,11.9565217391304
0.89,8.79695,10.8695652173913
0.89,8.8121,11.4130434782609
0.89,8.82725,13.0434782608696
0.89,8.8424,14.6739130434783
0.89,8.8576,12.5
0.89,8.87275,8.69565217391304
0.89,8.8879,4.89130434782609
0.89,8.90305,7.06521739130435
0.89,8.9182,4.34782608695652
0.89,8.93335,9.23913043478261
0.89,8.9485,2.71739130434783
0.89,8.96365,5.97826086956522
0.89,8.9788,8.69565217391304
0.89,8.99395,9.78260869565217
0.89,9.0091,13.0434782608696
0.89,9.02425,15.2173913043478
0.89,9.0394,12.5
0.89,9.05455,10.8695652173913
0.89,9.0697,13.0434782608696
0.89,9.08485,10.8695652173913
0.89,9.1,5.97826086956522
0.905,8.1,3.80434782608696
0.905,8.11515,5.97826086956522
0.905,8.1303,5.43478260869565
0.905,8.14545,4.89130434782609
0.905,8.1606,3.26086956521739
0.905,8.17575,8.69565217391304
0.905,8.1909,7.06521739130435
0.905,8.20605,19.5652173913043
0.905,8.2212,46.195652173913
0.905,8.23635,67.3913043478261
0.905,8.2515,73.3695652173913
0.905,8.26665,74.4565217391304
0.905,8.2818,47.2826086956522
0.905,8.29695,27.7173913043478
0.905,8.3121,19.0217391304348
0.905,8.32725,14.1304347826087
0.905,8.3424,19.0217391304348
0.905,8.3576,28.2608695652174
0.905,8.37275,36.4130434782609
0.905,8.3879,59.7826086956522
0.905,8.40305,57.0652173913044
0.905,8.4182,52.7173913043478
0.905,8.43335,38.5869565217391
0.905,8.4485,43.4782608695652
0.905,8.46365,38.5869565217391
0.905,8.4788,38.0434782608696
0.905,8.49395,34.2391304347826
0.905,8.5091,32.0652173913044
0.905,8.52425,29.8913043478261
0.905,8.5394,31.5217391304348
0.905,8.55455,32.6086956521739
0.905,8.5697,39.6739130434783
0.905,8.58485,63.5869565217391
0.905,8.6,60.3260869565217
0.905,8.61515,39.1304347826087
0.905,8.6303,32.0652173913044
0.905,8.64545,21.7391304347826
0.905,8.6606,14.1304347826087
0.905,8.67575,10.3260869565217
0.905,8.6909,14.1304347826087
0.905,8.70605,7.60869565217391
0.905,8.7212,9.23913043478261
0.905,8.73635,12.5
0.905,8.7515,20.6521739130435
0.905,8.76665,20.1086956521739
0.905,8.7818,14.6739130434783
0.905,8.79695,13.5869565217391
0.905,8.8121,12.5
0.905,8.82725,15.2173913043478
0.905,8.8424,13.0434782608696
0.905,8.8576,13.5869565217391
0.905,8.87275,9.23913043478261
0.905,8.8879,5.43478260869565
0.905,8.90305,6.52173913043478
0.905,8.9182,5.43478260869565
0.905,8.93335,7.06521739130435
0.905,8.9485,4.34782608695652
0.905,8.96365,7.06521739130435
0.905,8.9788,8.69565217391304
0.905,8.99395,7.60869565217391
0.905,9.0091,6.52173913043478
0.905,9.02425,8.69565217391304
0.905,9.0394,15.7608695652174
0.905,9.05455,9.78260869565217
0.905,9.0697,12.5
0.905,9.08485,11.4130434782609
0.905,9.1,9.23913043478261
0.92,8.1,5.43478260869565
0.92,8.11515,5.43478260869565
0.92,8.1303,1.6304347826087
0.92,8.14545,3.26086956521739
0.92,8.1606,5.43478260869565
0.92,8.17575,2.71739130434783
0.92,8.1909,6.52173913043478
0.92,8.20605,16.304347826087
0.92,8.2212,54.8913043478261
0.92,8.23635,50
0.92,8.2515,54.8913043478261
0.92,8.26665,39.1304347826087
0.92,8.2818,18.4782608695652
0.92,8.29695,7.06521739130435
0.92,8.3121,13.0434782608696
0.92,8.32725,11.4130434782609
0.92,8.3424,19.5652173913043
0.92,8.3576,40.2173913043478
0.92,8.37275,46.195652173913
0.92,8.3879,52.7173913043478
0.92,8.40305,47.2826086956522
0.92,8.4182,44.0217391304348
0.92,8.43335,36.4130434782609
0.92,8.4485,31.5217391304348
0.92,8.46365,21.195652173913
0.92,8.4788,16.304347826087
0.92,8.49395,11.9565217391304
0.92,8.5091,13.5869565217391
0.92,8.52425,10.3260869565217
0.92,8.5394,13.0434782608696
0.92,8.55455,22.2826086956522
0.92,8.5697,19.5652173913043
0.92,8.58485,21.7391304347826
0.92,8.6,27.7173913043478
0.92,8.61515,31.5217391304348
0.92,8.6303,16.304347826087
0.92,8.64545,10.3260869565217
0.92,8.6606,5.97826086956522
0.92,8.67575,8.69565217391304
0.92,8.6909,8.15217391304348
0.92,8.70605,3.80434782608696
0.92,8.7212,11.9565217391304
0.92,8.73635,13.5869565217391
0.92,8.7515,10.3260869565217
0.92,8.76665,6.52173913043478
0.92,8.7818,14.6739130434783
0.92,8.79695,12.5
0.92,8.8121,11.9565217391304
0.92,8.82725,13.5869565217391
0.92,8.8424,11.9565217391304
0.92,8.8576,12.5
0.92,8.87275,9.78260869565217
0.92,8.8879,9.78260869565217
0.92,8.90305,12.5
0.92,8.9182,8.69565217391304
0.92,8.93335,5.97826086956522
0.92,8.9485,5.97826086956522
0.92,8.96365,6.52173913043478
0.92,8.9788,6.52173913043478
0.92,8.99395,7.60869565217391
0.92,9.0091,8.15217391304348
0.92,9.02425,11.9565217391304
0.92,9.0394,6.52173913043478
0.92,9.05455,12.5
0.92,9.0697,14.1304347826087
0.92,9.08485,15.7608695652174
0.92,9.1,8.15217391304348
0.935,8.1,1.08695652173913
0.935,8.11515,5.97826086956522
0.935,8.1303,3.80434782608696
0.935,8.14545,3.80434782608696
0.935,8.1606,1.08695652173913
0.935,8.17575,3.80434782608696
0.935,8.1909,10.8695652173913
0.935,8.20605,9.78260869565217
0.935,8.2212,32.6086956521739
0.935,8.23635,36.9565217391304
0.935,8.2515,22.2826086956522
0.935,8.26665,10.3260869565217
0.935,8.2818,7.60869565217391
0.935,8.29695,9.78260869565217
0.935,8.3121,10.8695652173913
0.935,8.32725,15.2173913043478
0.935,8.3424,33.695652173913
0.935,8.3576,41.304347826087
0.935,8.37275,38.0434782608696
0.935,8.3879,44.5652173913044
0.935,8.40305,46.7391304347826
0.935,8.4182,22.8260869565217
0.935,8.43335,21.195652173913
0.935,8.4485,17.9347826086957
0.935,8.46365,11.4130434782609
0.935,8.4788,10.8695652173913
0.935,8.49395,3.26086956521739
0.935,8.5091,9.23913043478261
0.935,8.52425,5.97826086956522
0.935,8.5394,4.89130434782609
0.935,8.55455,5.43478260869565
0.935,8.5697,5.97826086956522
0.935,8.58485,10.8695652173913
0.935,8.6,14.6739130434783
0.935,8.61515,11.4130434782609
0.935,8.6303,7.60869565217391
0.935,8.64545,11.4130434782609
0.935,8.6606,7.60869565217391
0.935,8.67575,5.97826086956522
0.935,8.6909,4.34782608695652
0.935,8.70605,3.26086956521739
0.935,8.7212,6.52173913043478
0.935,8.73635,11.9565217391304
0.935,8.7515,17.9347826086957
0.935,8.76665,7.06521739130435
0.935,8.7818,6.52173913043478
0.935,8.79695,9.23913043478261
0.935,8.8121,8.69565217391304
0.935,8.82725,9.78260869565217
0.935,8.8424,13.5869565217391
0.935,8.8576,11.9565217391304
0.935,8.87275,14.1304347826087
0.935,8.8879,11.9565217391304
0.935,8.90305,10.3260869565217
0.935,8.9182,10.8695652173913
0.935,8.93335,6.52173913043478
0.935,8.9485,7.60869565217391
0.935,8.96365,8.15217391304348
0.935,8.9788,8.69565217391304
0.935,8.99395,9.23913043478261
0.935,9.0091,5.43478260869565
0.935,9.02425,6.52173913043478
0.935,9.0394,10.3260869565217
0.935,9.05455,12.5
0.935,9.0697,11.4130434782609
0.935,9.08485,8.15217391304348
0.935,9.1,10.3260869565217
0.95,8.1,2.71739130434783
0.95,8.11515,2.71739130434783
0.95,8.1303,3.80434782608696
0.95,8.14545,7.60869565217391
0.95,8.1606,1.6304347826087
0.95,8.17575,3.80434782608696
0.95,8.1909,7.06521739130435
0.95,8.20605,8.69565217391304
0.95,8.2212,10.3260869565217
0.95,8.23635,8.69565217391304
0.95,8.2515,5.43478260869565
0.95,8.26665,4.89130434782609
0.95,8.2818,5.97826086956522
0.95,8.29695,7.06521739130435
0.95,8.3121,15.2173913043478
0.95,8.32725,30.4347826086957
0.95,8.3424,38.5869565217391
0.95,8.3576,32.6086956521739
0.95,8.37275,31.5217391304348
0.95,8.3879,34.7826086956522
0.95,8.40305,26.6304347826087
0.95,8.4182,17.3913043478261
0.95,8.43335,12.5
0.95,8.4485,5.43478260869565
0.95,8.46365,8.15217391304348
0.95,8.4788,3.80434782608696
0.95,8.49395,6.52173913043478
0.95,8.5091,5.43478260869565
0.95,8.52425,5.97826086956522
0.95,8.5394,4.89130434782609
0.95,8.55455,3.26086956521739
0.95,8.5697,6.52173913043478
0.95,8.58485,5.43478260869565
0.95,8.6,4.89130434782609
0.95,8.61515,5.43478260869565
0.95,8.6303,5.43478260869565
0.95,8.64545,4.89130434782609
0.95,8.6606,4.89130434782609
0.95,8.67575,5.43478260869565
0.95,8.6909,1.6304347826087
0.95,8.70605,3.26086956521739
0.95,8.7212,6.52173913043478
0.95,8.73635,9.78260869565217
0.95,8.7515,9.23913043478261
0.95,8.76665,8.15217391304348
0.95,8.7818,13.5869565217391
0.95,8.79695,9.23913043478261
0.95,8.8121,5.43478260869565
0.95,8.82725,15.2173913043478
0.95,8.8424,17.9347826086957
0.95,8.8576,13.5869565217391
0.95,8.87275,11.4130434782609
0.95,8.8879,16.304347826087
0.95,8.90305,11.4130434782609
0.95,8.9182,11.9565217391304
0.95,8.93335,6.52173913043478
0.95,8.9485,5.43478260869565
0.95,8.96365,6.52173913043478
0.95,8.9788,9.23913043478261
0.95,8.99395,5.97826086956522
0.95,9.0091,8.69565217391304
0.95,9.02425,9.23913043478261
0.95,9.0394,8.69565217391304
0.95,9.05455,8.15217391304348
0.95,9.0697,9.23913043478261
0.95,9.08485,8.69565217391304
0.95,9.1,7.60869565217391
0.965,8.1,2.17391304347826
0.965,8.11515,3.26086956521739
0.965,8.1303,3.26086956521739
0.965,8.14545,2.17391304347826
0.965,8.1606,1.08695652173913
0.965,8.17575,3.80434782608696
0.965,8.1909,2.71739130434783
0.965,8.20605,4.89130434782609
0.965,8.2212,3.80434782608696
0.965,8.23635,5.97826086956522
0.965,8.2515,2.71739130434783
0.965,8.26665,4.89130434782609
0.965,8.2818,7.60869565217391
0.965,8.29695,9.23913043478261
0.965,8.3121,25.5434782608696
0.965,8.32725,34.7826086956522
0.965,8.3424,38.5869565217391
0.965,8.3576,38.0434782608696
0.965,8.37275,23.3695652173913
0.965,8.3879,23.9130434782609
0.965,8.40305,9.78260869565217
0.965,8.4182,7.06521739130435
0.965,8.43335,8.69565217391304
0.965,8.4485,4.34782608695652
0.965,8.46365,5.43478260869565
0.965,8.4788,4.89130434782609
0.965,8.49395,3.26086956521739
0.965,8.5091,3.26086956521739
0.965,8.52425,3.80434782608696
0.965,8.5394,3.80434782608696
0.965,8.55455,3.80434782608696
0.965,8.5697,1.6304347826087
0.965,8.58485,2.17391304347826
0.965,8.6,5.43478260869565
0.965,8.61515,6.52173913043478
0.965,8.6303,3.80434782608696
0.965,8.64545,4.89130434782609
0.965,8.6606,3.80434782608696
0.965,8.67575,5.97826086956522
0.965,8.6909,1.08695652173913
0.965,8.70605,4.34782608695652
0.965,8.7212,4.34782608695652
0.965,8.73635,4.89130434782609
0.965,8.7515,5.97826086956522
0.965,8.76665,9.78260869565217
0.965,8.7818,8.69565217391304
0.965,8.79695,5.43478260869565
0.965,8.8121,7.06521739130435
0.965,8.82725,13.5869565217391
0.965,8.8424,14.1304347826087
0.965,8.8576,13.0434782608696
0.965,8.87275,13.0434782608696
0.965,8.8879,19.0217391304348
0.965,8.90305,14.1304347826087
0.965,8.9182,15.2173913043478
0.965,8.93335,10.3260869565217
0.965,8.9485,9.23913043478261
0.965,8.96365,8.15217391304348
0.965,8.9788,3.80434782608696
0.965,8.99395,7.06521739130435
0.965,9.0091,5.43478260869565
0.965,9.02425,5.97826086956522
0.965,9.0394,8.69565217391304
0.965,9.05455,10.3260869565217
0.965,9.0697,12.5
0.965,9.08485,9.23913043478261
0.965,9.1,10.8695652173913
0.98,8.1,5.97826086956522
0.98,8.11515,3.80434782608696
0.98,8.1303,1.6304347826087
0.98,8.14545,3.80434782608696
0.98,8.1606,1.6304347826087
0.98,8.17575,3.26086956521739
0.98,8.1909,3.80434782608696
0.98,8.20605,2.71739130434783
0.98,8.2212,4.34782608695652
0.98,8.23635,5.97826086956522
0.98,8.2515,7.60869565217391
0.98,8.26665,4.89130434782609
0.98,8.2818,9.23913043478261
0.98,8.29695,13.5869565217391
0.98,8.3121,30.9782608695652
0.98,8.32725,42.3913043478261
0.98,8.3424,33.695652173913
0.98,8.3576,25.5434782608696
0.98,8.37275,13.0434782608696
0.98,8.3879,14.6739130434783
0.98,8.40305,6.52173913043478
0.98,8.4182,7.06521739130435
0.98,8.43335,4.34782608695652
0.98,8.4485,5.43478260869565
0.98,8.46365,4.34782608695652
0.98,8.4788,1.08695652173913
0.98,8.49395,2.71739130434783
0.98,8.5091,5.43478260869565
0.98,8.52425,6.52173913043478
0.98,8.5394,5.43478260869565
0.98,8.55455,2.71739130434783
0.98,8.5697,1.6304347826087
0.98,8.58485,4.89130434782609
0.98,8.6,4.89130434782609
0.98,8.61515,2.17391304347826
0.98,8.6303,1.6304347826087
0.98,8.64545,5.43478260869565
0.98,8.6606,5.43478260869565
0.98,8.67575,3.26086956521739
0.98,8.6909,5.97826086956522
0.98,8.70605,4.89130434782609
0.98,8.7212,3.26086956521739
0.98,8.73635,4.89130434782609
0.98,8.7515,3.80434782608696
0.98,8.76665,2.17391304347826
0.98,8.7818,4.34782608695652
0.98,8.79695,8.15217391304348
0.98,8.8121,12.5
0.98,8.82725,14.6739130434783
0.98,8.8424,14.6739130434783
0.98,8.8576,12.5
0.98,8.87275,14.1304347826087
0.98,8.8879,17.3913043478261
0.98,8.90305,11.9565217391304
0.98,8.9182,16.8478260869565
0.98,8.93335,10.8695652173913
0.98,8.9485,10.8695652173913
0.98,8.96365,4.89130434782609
0.98,8.9788,4.89130434782609
0.98,8.99395,7.60869565217391
0.98,9.0091,5.97826086956522
0.98,9.02425,5.97826086956522
0.98,9.0394,9.23913043478261
0.98,9.05455,9.78260869565217
0.98,9.0697,8.15217391304348
0.98,9.08485,7.60869565217391
0.98,9.1,11.4130434782609
0.995,8.1,3.26086956521739
0.995,8.11515,3.80434782608696
0.995,8.1303,2.71739130434783
0.995,8.14545,1.08695652173913
0.995,8.1606,1.6304347826087
0.995,8.17575,3.26086956521739
0.995,8.1909,3.80434782608696
0.995,8.20605,3.80434782608696
0.995,8.2212,2.17391304347826
0.995,8.23635,4.89130434782609
0.995,8.2515,5.43478260869565
0.995,8.26665,5.43478260869565
0.995,8.2818,11.9565217391304
0.995,8.29695,18.4782608695652
0.995,8.3121,38.5869565217391
0.995,8.32725,36.4130434782609
0.995,8.3424,23.9130434782609
0.995,8.3576,20.1086956521739
0.995,8.37275,7.06521739130435
0.995,8.3879,8.69565217391304
0.995,8.40305,3.80434782608696
0.995,8.4182,4.89130434782609
0.995,8.43335,3.80434782608696
0.995,8.4485,3.80434782608696
0.995,8.46365,2.71739130434783
0.995,8.4788,3.80434782608696
0.995,8.49395,2.17391304347826
0.995,8.5091,4.34782608695652
0.995,8.52425,4.89130434782609
0.995,8.5394,2.71739130434783
0.995,8.55455,3.80434782608696
0.995,8.5697,4.89130434782609
0.995,8.58485,5.43478260869565
0.995,8.6,2.71739130434783
0.995,8.61515,1.6304347826087
0.995,8.6303,5.43478260869565
0.995,8.64545,2.71739130434783
0.995,8.6606,4.34782608695652
0.995,8.67575,3.80434782608696
0.995,8.6909,3.26086956521739
0.995,8.70605,2.71739130434783
0.995,8.7212,3.80434782608696
0.995,8.73635,2.17391304347826
0.995,8.7515,3.26086956521739
0.995,8.76665,4.34782608695652
0.995,8.7818,4.89130434782609
0.995,8.79695,4.34782608695652
0.995,8.8121,4.34782608695652
0.995,8.82725,16.8478260869565
0.995,8.8424,13.5869565217391
0.995,8.8576,19.5652173913043
0.995,8.87275,13.5869565217391
0.995,8.8879,20.1086956521739
0.995,8.90305,14.1304347826087
0.995,8.9182,15.2173913043478
0.995,8.93335,14.1304347826087
0.995,8.9485,10.3260869565217
0.995,8.96365,7.60869565217391
0.995,8.9788,4.89130434782609
0.995,8.99395,4.34782608695652
0.995,9.0091,5.97826086956522
0.995,9.02425,3.26086956521739
0.995,9.0394,5.43478260869565
0.995,9.05455,4.34782608695652
0.995,9.0697,9.23913043478261
0.995,9.08485,8.69565217391304
0.995,9.1,7.60869565217391
1.01,8.1,2.17391304347826
1.01,8.11515,2.17391304347826
1.01,8.1303,4.34782608695652
1.01,8.14545,4.89130434782609
1.01,8.1606,3.26086956521739
1.01,8.17575,4.34782608695652
1.01,8.1909,1.6304347826087
1.01,8.20605,1.6304347826087
1.01,8.2212,6.52173913043478
1.01,8.23635,4.34782608695652
1.01,8.2515,6.52173913043478
1.01,8.26665,5.97826086956522
1.01,8.2818,6.52173913043478
1.01,8.29695,10.8695652173913
1.01,8.3121,36.4130434782609
1.01,8.32725,19.5652173913043
1.01,8.3424,11.9565217391304
1.01,8.3576,7.60869565217391
1.01,8.37275,3.80434782608696
1.01,8.3879,6.52173913043478
1.01,8.40305,3.80434782608696
1.01,8.4182,2.71739130434783
1.01,8.43335,4.89130434782609
1.01,8.4485,2.71739130434783
1.01,8.46365,3.80434782608696
1.01,8.4788,2.71739130434783
1.01,8.49395,2.71739130434783
1.01,8.5091,2.71739130434783
1.01,8.52425,8.15217391304348
1.01,8.5394,4.89130434782609
1.01,8.55455,3.26086956521739
1.01,8.5697,3.26086956521739
1.01,8.58485,3.26086956521739
1.01,8.6,5.43478260869565
1.01,8.61515,2.71739130434783
1.01,8.6303,5.97826086956522
1.01,8.64545,1.6304347826087
1.01,8.6606,3.26086956521739
1.01,8.67575,2.71739130434783
1.01,8.6909,2.71739130434783
1.01,8.70605,3.80434782608696
1.01,8.7212,3.26086956521739
1.01,8.73635,4.89130434782609
1.01,8.7515,3.80434782608696
1.01,8.76665,4.89130434782609
1.01,8.7818,5.43478260869565
1.01,8.79695,7.06521739130435
1.01,8.8121,4.34782608695652
1.01,8.82725,9.23913043478261
1.01,8.8424,14.1304347826087
1.01,8.8576,12.5
1.01,8.87275,15.2173913043478
1.01,8.8879,15.2173913043478
1.01,8.90305,16.304347826087
1.01,8.9182,21.7391304347826
1.01,8.93335,18.4782608695652
1.01,8.9485,12.5
1.01,8.96365,7.06521739130435
1.01,8.9788,4.34782608695652
1.01,8.99395,6.52173913043478
1.01,9.0091,5.43478260869565
1.01,9.02425,4.34782608695652
1.01,9.0394,4.34782608695652
1.01,9.05455,7.06521739130435
1.01,9.0697,5.43478260869565
1.01,9.08485,7.06521739130435
1.01,9.1,8.69565217391304
1.025,8.1,3.26086956521739
1.025,8.11515,2.71739130434783
1.025,8.1303,2.71739130434783
1.025,8.14545,2.71739130434783
1.025,8.1606,4.34782608695652
1.025,8.17575,2.17391304347826
1.025,8.1909,4.34782608695652
1.025,8.20605,2.17391304347826
1.025,8.2212,2.17391304347826
1.025,8.23635,5.97826086956522
1.025,8.2515,7.06521739130435
1.025,8.26665,4.34782608695652
1.025,8.2818,5.43478260869565
1.025,8.29695,16.8478260869565
1.025,8.3121,17.3913043478261
1.025,8.32725,11.9565217391304
1.025,8.3424,2.17391304347826
1.025,8.3576,6.52173913043478
1.025,8.37275,2.71739130434783
1.025,8.3879,2.71739130434783
1.025,8.40305,3.80434782608696
1.025,8.4182,4.34782608695652
1.025,8.43335,3.80434782608696
1.025,8.4485,4.34782608695652
1.025,8.46365,2.71739130434783
1.025,8.4788,6.52173913043478
1.025,8.49395,3.26086956521739
1.025,8.5091,3.80434782608696
1.025,8.52425,7.06521739130435
1.025,8.5394,3.26086956521739
1.025,8.55455,4.89130434782609
1.025,8.5697,3.80434782608696
1.025,8.58485,3.26086956521739
1.025,8.6,3.26086956521739
1.025,8.61515,5.43478260869565
1.025,8.6303,2.71739130434783
1.025,8.64545,5.97826086956522
1.025,8.6606,3.26086956521739
1.025,8.67575,5.43478260869565
1.025,8.6909,3.80434782608696
1.025,8.70605,3.26086956521739
1.025,8.7212,4.34782608695652
1.025,8.73635,2.17391304347826
1.025,8.7515,4.34782608695652
1.025,8.76665,4.34782608695652
1.025,8.7818,3.26086956521739
1.025,8.79695,4.34782608695652
1.025,8.8121,3.26086956521739
1.025,8.82725,8.15217391304348
1.025,8.8424,10.3260869565217
1.025,8.8576,13.0434782608696
1.025,8.87275,12.5
1.025,8.8879,19.5652173913043
1.025,8.90305,13.0434782608696
1.025,8.9182,17.3913043478261
1.025,8.93335,13.0434782608696
1.025,8.9485,14.1304347826087
1.025,8.96365,9.78260869565217
1.025,8.9788,7.06521739130435
1.025,8.99395,7.06521739130435
1.025,9.0091,5.97826086956522
1.025,9.02425,4.34782608695652
1.025,9.0394,4.89130434782609
1.025,9.05455,2.71739130434783
1.025,9.0697,5.97826086956522
1.025,9.08485,9.23913043478261
1.025,9.1,9.23913043478261
1.04,8.1,3.26086956521739
1.04,8.11515,3.26086956521739
1.04,8.1303,2.17391304347826
1.04,8.14545,2.71739130434783
1.04,8.1606,3.80434782608696
1.04,8.17575,3.80434782608696
1.04,8.1909,4.89130434782609
1.04,8.20605,3.80434782608696
1.04,8.2212,3.26086956521739
1.04,8.23635,0.543478260869565
1.04,8.2515,3.80434782608696
1.04,8.26665,1.6304347826087
1.04,8.2818,3.26086956521739
1.04,8.29695,9.78260869565217
1.04,8.3121,8.15217391304348
1.04,8.32725,6.52173913043478
1.04,8.3424,4.34782608695652
1.04,8.3576,1.6304347826087
1.04,8.37275,2.71739130434783
1.04,8.3879,2.71739130434783
1.04,8.40305,3.80434782608696
1.04,8.4182,4.89130434782609
1.04,8.43335,4.89130434782609
1.04,8.4485,4.34782608695652
1.04,8.46365,2.17391304347826
1.04,8.4788,3.26086956521739
1.04,8.49395,2.71739130434783
1.04,8.5091,2.17391304347826
1.04,8.52425,3.26086956521739
1.04,8.5394,4.34782608695652
1.04,8.55455,4.34782608695652
1.04,8.5697,4.34782608695652
1.04,8.58485,5.43478260869565
1.04,8.6,1.6304347826087
1.04,8.61515,4.89130434782609
1.04,8.6303,5.97826086956522
1.04,8.64545,5.97826086956522
1.04,8.6606,3.80434782608696
1.04,8.67575,3.80434782608696
1.04,8.6909,3.26086956521739
1.04,8.70605,1.6304347826087
1.04,8.7212,3.26086956521739
1.04,8.73635,3.80434782608696
1.04,8.7515,4.89130434782609
1.04,8.76665,1.6304347826087
1.04,8.7818,3.26086956521739
1.04,8.79695,3.80434782608696
1.04,8.8121,2.71739130434783
1.04,8.82725,12.5
1.04,8.8424,10.8695652173913
1.04,8.8576,11.4130434782609
1.04,8.87275,14.1304347826087
1.04,8.8879,16.8478260869565
1.04,8.90305,23.3695652173913
1.04,8.9182,25
1.04,8.93335,15.2173913043478
1.04,8.9485,19.5652173913043
1.04,8.96365,11.9565217391304
1.04,8.9788,8.15217391304348
1.04,8.99395,5.43478260869565
1.04,9.0091,5.43478260869565
1.04,9.02425,5.97826086956522
1.04,9.0394,4.34782608695652
1.04,9.05455,5.43478260869565
1.04,9.0697,4.89130434782609
1.04,9.08485,7.60869565217391
1.04,9.1,8.69565217391304
1.055,8.1,3.80434782608696
1.055,8.11515,2.17391304347826
1.055,8.1303,4.34782608695652
1.055,8.14545,1.6304347826087
1.055,8.1606,1.6304347826087
1.055,8.17575,2.71739130434783
1.055,8.1909,3.26086956521739
1.055,8.20605,1.6304347826087
1.055,8.2212,2.17391304347826
1.055,8.23635,3.26086956521739
1.055,8.2515,2.71739130434783
1.055,8.26665,4.89130434782609
1.055,8.2818,3.26086956521739
1.055,8.29695,3.80434782608696
1.055,8.3121,5.43478260869565
1.055,8.32725,4.34782608695652
1.055,8.3424,3.26086956521739
1.055,8.3576,2.71739130434783
1.055,8.37275,4.34782608695652
1.055,8.3879,3.80434782608696
1.055,8.40305,2.71739130434783
1.055,8.4182,2.17391304347826
1.055,8.43335,5.43478260869565
1.055,8.4485,2.17391304347826
1.055,8.46365,4.34782608695652
1.055,8.4788,3.26086956521739
1.055,8.49395,6.52173913043478
1.055,8.5091,2.17391304347826
1.055,8.52425,4.89130434782609
1.055,8.5394,3.26086956521739
1.055,8.55455,3.26086956521739
1.055,8.5697,2.71739130434783
1.055,8.58485,2.71739130434783
1.055,8.6,3.80434782608696
1.055,8.61515,3.26086956521739
1.055,8.6303,4.34782608695652
1.055,8.64545,1.6304347826087
1.055,8.6606,4.89130434782609
1.055,8.67575,3.26086956521739
1.055,8.6909,0.543478260869565
1.055,8.70605,3.26086956521739
1.055,8.7212,2.71739130434783
1.055,8.73635,4.89130434782609
1.055,8.7515,3.80434782608696
1.055,8.76665,6.52173913043478
1.055,8.7818,3.80434782608696
1.055,8.79695,4.34782608695652
1.055,8.8121,2.71739130434783
1.055,8.82725,4.89130434782609
1.055,8.8424,7.06521739130435
1.055,8.8576,12.5
1.055,8.87275,13.0434782608696
1.055,8.8879,14.1304347826087
1.055,8.90305,18.4782608695652
1.055,8.9182,13.0434782608696
1.055,8.93335,14.1304347826087
1.055,8.9485,19.0217391304348
1.055,8.96365,15.2173913043478
1.055,8.9788,11.4130434782609
1.055,8.99395,7.06521739130435
1.055,9.0091,4.34782608695652
1.055,9.02425,3.80434782608696
1.055,9.0394,2.71739130434783
1.055,9.05455,3.80434782608696
1.055,9.0697,9.78260869565217
1.055,9.08485,5.97826086956522
1.055,9.1,7.06521739130435
1.07,8.1,3.26086956521739
1.07,8.11515,4.34782608695652
1.07,8.1303,2.71739130434783
1.07,8.14545,5.43478260869565
1.07,8.1606,3.80434782608696
1.07,8.17575,1.6304347826087
1.07,8.1909,3.80434782608696
1.07,8.20605,2.17391304347826
1.07,8.2212,3.26086956521739
1.07,8.23635,3.26086956521739
1.07,8.2515,3.26086956521739
1.07,8.26665,2.17391304347826
1.07,8.2818,2.71739130434783
1.07,8.29695,3.26086956521739
1.07,8.3121,1.08695652173913
1.07,8.32725,1.6304347826087
1.07,8.3424,2.71739130434783
1.07,8.3576,4.34782608695652
1.07,8.37275,6.52173913043478
1.07,8.3879,3.80434782608696
1.07,8.40305,3.26086956521739
1.07,8.4182,2.71739130434783
1.07,8.43335,3.26086956521739
1.07,8.4485,3.26086956521739
1.07,8.46365,6.52173913043478
1.07,8.4788,1.6304347826087
1.07,8.49395,2.71739130434783
1.07,8.5091,4.89130434782609
1.07,8.52425,4.34782608695652
1.07,8.5394,3.80434782608696
1.07,8.55455,3.26086956521739
1.07,8.5697,4.89130434782609
1.07,8.58485,6.52173913043478
1.07,8.6,3.80434782608696
1.07,8.61515,4.34782608695652
1.07,8.6303,5.43478260869565
1.07,8.64545,5.43478260869565
1.07,8.6606,2.71739130434783
1.07,8.67575,7.06521739130435
1.07,8.6909,3.26086956521739
1.07,8.70605,5.43478260869565
1.07,8.7212,4.34782608695652
1.07,8.73635,3.26086956521739
1.07,8.7515,5.97826086956522
1.07,8.76665,2.71739130434783
1.07,8.7818,3.26086956521739
1.07,8.79695,4.89130434782609
1.07,8.8121,3.26086956521739
1.07,8.82725,6.52173913043478
1.07,8.8424,6.52173913043478
1.07,8.8576,8.15217391304348
1.07,8.87275,13.0434782608696
1.07,8.8879,16.8478260869565
1.07,8.90305,18.4782608695652
1.07,8.9182,16.8478260869565
1.07,8.93335,17.9347826086957
1.07,8.9485,23.3695652173913
1.07,8.96365,14.1304347826087
1.07,8.9788,13.0434782608696
1.07,8.99395,8.69565217391304
1.07,9.0091,7.60869565217391
1.07,9.02425,4.34782608695652
1.07,9.0394,4.89130434782609
1.07,9.05455,7.60869565217391
1.07,9.0697,3.26086956521739
1.07,9.08485,6.52173913043478
1.07,9.1,8.15217391304348
1.085,8.1,6.52173913043478
1.085,8.11515,3.26086956521739
1.085,8.1303,2.71739130434783
1.085,8.14545,3.26086956521739
1.085,8.1606,4.34782608695652
1.085,8.17575,2.17391304347826
1.085,8.1909,4.34782608695652
1.085,8.20605,4.89130434782609
1.085,8.2212,2.71739130434783
1.085,8.23635,2.71739130434783
1.085,8.2515,1.6304347826087
1.085,8.26665,2.17391304347826
1.085,8.2818,1.6304347826087
1.085,8.29695,1.08695652173913
1.085,8.3121,1.08695652173913
1.085,8.32725,4.34782608695652
1.085,8.3424,4.34782608695652
1.085,8.3576,4.34782608695652
1.085,8.37275,3.26086956521739
1.085,8.3879,4.89130434782609
1.085,8.40305,2.17391304347826
1.085,8.4182,2.71739130434783
1.085,8.43335,2.71739130434783
1.085,8.4485,3.80434782608696
1.085,8.46365,5.43478260869565
1.085,8.4788,3.26086956521739
1.085,8.49395,2.71739130434783
1.085,8.5091,4.34782608695652
1.085,8.52425,2.71739130434783
1.085,8.5394,8.69565217391304
1.085,8.55455,5.97826086956522
1.085,8.5697,6.52173913043478
1.085,8.58485,3.26086956521739
1.085,8.6,1.6304347826087
1.085,8.61515,3.80434782608696
1.085,8.6303,5.43478260869565
1.085,8.64545,4.34782608695652
1.085,8.6606,6.52173913043478
1.085,8.67575,5.97826086956522
1.085,8.6909,3.26086956521739
1.085,8.70605,2.71739130434783
1.085,8.7212,5.97826086956522
1.085,8.73635,3.80434782608696
1.085,8.7515,4.34782608695652
1.085,8.76665,2.71739130434783
1.085,8.7818,3.80434782608696
1.085,8.79695,4.89130434782609
1.085,8.8121,4.89130434782609
1.085,8.82725,4.89130434782609
1.085,8.8424,5.43478260869565
1.085,8.8576,7.60869565217391
1.085,8.87275,8.69565217391304
1.085,8.8879,14.1304347826087
1.085,8.90305,16.8478260869565
1.085,8.9182,21.195652173913
1.085,8.93335,16.8478260869565
1.085,8.9485,9.78260869565217
1.085,8.96365,16.8478260869565
1.085,8.9788,16.304347826087
1.085,8.99395,10.8695652173913
1.085,9.0091,6.52173913043478
1.085,9.02425,4.89130434782609
1.085,9.0394,4.34782608695652
1.085,9.05455,4.89130434782609
1.085,9.0697,3.80434782608696
1.085,9.08485,5.97826086956522
1.085,9.1,3.80434782608696
1.1,8.1,0.543478260869565
1.1,8.11515,1.6304347826087
1.1,8.1303,1.6304347826087
1.1,8.14545,3.26086956521739
1.1,8.1606,2.71739130434783
1.1,8.17575,2.71739130434783
1.1,8.1909,2.71739130434783
1.1,8.20605,4.89130434782609
1.1,8.2212,3.80434782608696
1.1,8.23635,2.17391304347826
1.1,8.2515,2.17391304347826
1.1,8.26665,4.89130434782609
1.1,8.2818,3.26086956521739
1.1,8.29695,3.80434782608696
1.1,8.3121,4.34782608695652
1.1,8.32725,3.26086956521739
1.1,8.3424,2.17391304347826
1.1,8.3576,1.08695652173913
1.1,8.37275,1.6304347826087
1.1,8.3879,4.34782608695652
1.1,8.40305,1.08695652173913
1.1,8.4182,3.80434782608696
1.1,8.43335,2.71739130434783
1.1,8.4485,2.71739130434783
1.1,8.46365,3.26086956521739
1.1,8.4788,4.89130434782609
1.1,8.49395,3.26086956521739
1.1,8.5091,5.43478260869565
1.1,8.52425,3.80434782608696
1.1,8.5394,4.89130434782609
1.1,8.55455,7.06521739130435
1.1,8.5697,2.71739130434783
1.1,8.58485,5.43478260869565
1.1,8.6,7.60869565217391
1.1,8.61515,4.89130434782609
1.1,8.6303,7.60869565217391
1.1,8.64545,6.52173913043478
1.1,8.6606,10.3260869565217
1.1,8.67575,10.3260869565217
1.1,8.6909,8.15217391304348
1.1,8.70605,5.97826086956522
1.1,8.7212,8.69565217391304
1.1,8.73635,6.52173913043478
1.1,8.7515,3.26086956521739
1.1,8.76665,2.17391304347826
1.1,8.7818,4.89130434782609
1.1,8.79695,3.26086956521739
1.1,8.8121,3.80434782608696
1.1,8.82725,1.08695652173913
1.1,8.8424,2.71739130434783
1.1,8.8576,7.60869565217391
1.1,8.87275,8.69565217391304
1.1,8.8879,11.4130434782609
1.1,8.90305,16.8478260869565
1.1,8.9182,18.4782608695652
1.1,8.93335,15.2173913043478
1.1,8.9485,18.4782608695652
1.1,8.96365,15.2173913043478
1.1,8.9788,14.1304347826087
1.1,8.99395,10.8695652173913
1.1,9.0091,8.69565217391304
1.1,9.02425,7.60869565217391
1.1,9.0394,5.43478260869565
1.1,9.05455,1.6304347826087
1.1,9.0697,7.06521739130435
1.1,9.08485,3.80434782608696
1.1,9.1,4.89130434782609
