Radially average SAED pattern LS_1500X_Oneview_0244,,,,,
Frequency,Distance,Intensity,,,
1\nm^{-1},nm,a.u.,,,
0,0,0.844985,,,
0.004,250,0.925953,,,
0.008,125,0.572452,,,
0.012,83.33333333,0.590755,,,
0.016,62.5,0.715856,,,
0.02,50,0.735485,,,
0.024,41.66666667,0.586468,,,
0.028,35.71428571,0.545445,,,
0.032,31.25,0.710703,,,
0.036,27.77777778,0.750186,,,
0.04,25,0.791582,,,
0.044,22.72727273,0.755042,,,
0.048,20.83333333,0.623115,,,
0.052,19.23076923,0.740205,,,
0.056,17.85714286,0.638865,,,
0.06,16.66666667,0.682598,,,
0.064,15.625,0.710182,,,
0.068,14.70588235,0.713167,,,
0.072,13.88888889,0.649991,,,
0.076,13.15789474,0.704763,,,
0.08,12.5,0.71986,,,
0.084,11.9047619,0.743664,,,
0.088,11.36363636,0.675119,,,
0.092,10.86956522,0.671116,,,
0.096,10.41666667,0.641988,,,
0.1,10,0.695405,,,
0.104,9.615384615,0.649157,,,
0.108,9.259259259,0.699588,,,
0.112,8.928571429,0.703123,,,
0.116,8.620689655,0.698744,,,
0.12,8.333333333,0.724297,,,
0.124,8.064516129,0.599878,,,
0.128,7.8125,0.614835,,,
0.132,7.575757576,0.681053,,,
0.136,7.352941176,0.689232,,,
0.14,7.142857143,0.69013,,,
0.144,6.944444444,0.663052,,,
0.148,6.756756757,0.719719,,,
0.152,6.578947368,0.680143,,,
0.156,6.41025641,0.672225,,,
0.16,6.25,0.701843,,,
0.164,6.097560976,0.85974,,,
0.168,5.952380952,1.13666,,,
0.172,5.813953488,1.82266,,,
0.176,5.681818182,3.1485,,,
0.18,5.555555556,5.37611,,,
0.184,5.434782609,9.09034,,,
0.188,5.319148936,14.8885,,,
0.192,5.208333333,23.6997,,,
0.196,5.102040816,36.9831,,,
0.2,5,56.9403,,,
0.204,4.901960784,89.4897,,,
0.208,4.807692308,145.779,,,
0.212,4.716981132,223.807,,,
0.216,4.62962963,300.271,,,
0.22,4.545454545,364.483,,,
0.224,4.464285714,417.53,,,
0.228,4.385964912,460.791,,,
0.232,4.310344828,495.728,,,
0.236,4.237288136,523.284,,,
0.24,4.166666667,545.779,,,
0.244,4.098360656,563.963,,,
0.248,4.032258065,579.116,,,
0.252,3.968253968,591.989,,,
0.256,3.90625,604.376,,,
0.26,3.846153846,613.521,,,
0.264,3.787878788,617.531,,,
0.268,3.731343284,619.029,,,
0.272,3.676470588,620.29,,,
0.276,3.623188406,623.067,,,
0.28,3.571428571,630.116,,,
0.284,3.521126761,644.827,,,
0.288,3.472222222,660.888,,,
0.292,3.424657534,666.897,,,
0.296,3.378378378,662.885,,,
0.3,3.333333333,652.621,,,
0.304,3.289473684,639.67,,,
0.308,3.246753247,626.02,,,
0.312,3.205128205,611.696,,,
0.316,3.164556962,597.274,,,
0.32,3.125,583.198,,,
0.324,3.086419753,569.169,,,
0.328,3.048780488,555.253,,,
0.332,3.012048193,542.338,,,
0.336,2.976190476,529.802,,,
0.34,2.941176471,517.318,,,
0.344,2.906976744,504.712,,,
0.348,2.873563218,492.946,,,
0.352,2.840909091,482.064,,,
0.356,2.808988764,471.425,,,
0.36,2.777777778,461.269,,,
0.364,2.747252747,451.635,,,
0.368,2.717391304,442.094,,,
0.372,2.688172043,432.316,,,
0.376,2.659574468,422.973,,,
0.38,2.631578947,413.953,,,
0.384,2.604166667,405.47,,,
0.388,2.577319588,397.43,,,
0.392,2.551020408,389.862,,,
0.396,2.525252525,382.716,,,
0.4,2.5,375.526,,,
0.404,2.475247525,368.496,,,
0.408,2.450980392,361.998,,,
0.412,2.427184466,355.309,,,
0.416,2.403846154,348.61,,,
0.42,2.380952381,342.439,,,
0.424,2.358490566,336.792,,,
0.428,2.336448598,330.787,,,
0.432,2.314814815,324.64,,,
0.436,2.293577982,318.719,,,
0.44,2.272727273,313.054,,,
0.444,2.252252252,307.242,,,
0.448,2.232142857,301.76,,,
0.452,2.212389381,297.023,,,
0.456,2.192982456,291.963,,,
0.46,2.173913043,286.979,,,
0.464,2.155172414,282.177,,,
0.468,2.136752137,277.56,,,
0.472,2.118644068,272.776,,,
0.476,2.100840336,268.222,,,
0.48,2.083333333,263.877,,,
0.484,2.066115702,259.943,,,
0.488,2.049180328,256.036,,,
0.492,2.032520325,251.926,,,
0.496,2.016129032,247.861,,,
0.5,2,244.228,,,
0.504,1.984126984,240.813,,,
0.508,1.968503937,237.538,,,
0.512,1.953125,233.942,,,
0.516,1.937984496,230.492,,,
0.52,1.923076923,227.156,,,
0.524,1.908396947,223.826,,,
0.528,1.893939394,220.491,,,
0.532,1.879699248,217.041,,,
0.536,1.865671642,213.741,,,
0.54,1.851851852,210.876,,,
0.544,1.838235294,208.025,,,
0.548,1.824817518,205.05,,,
0.552,1.811594203,202.217,,,
0.556,1.798561151,199.517,,,
0.56,1.785714286,196.716,,,
0.564,1.773049645,194.197,,,
0.568,1.76056338,191.786,,,
0.572,1.748251748,189.325,,,
0.576,1.736111111,186.888,,,
0.58,1.724137931,184.516,,,
0.584,1.712328767,182.083,,,
0.588,1.700680272,179.82,,,
0.592,1.689189189,177.736,,,
0.596,1.677852349,175.639,,,
0.6,1.666666667,173.61,,,
0.604,1.655629139,171.572,,,
0.608,1.644736842,169.568,,,
0.612,1.633986928,167.445,,,
0.616,1.623376623,165.456,,,
0.62,1.612903226,163.459,,,
0.624,1.602564103,161.355,,,
0.628,1.592356688,159.246,,,
0.632,1.582278481,157.349,,,
0.636,1.572327044,155.487,,,
0.64,1.5625,153.83,,,
0.644,1.552795031,152.255,,,
0.648,1.543209877,150.576,,,
0.652,1.533742331,148.965,,,
0.656,1.524390244,147.47,,,
0.66,1.515151515,145.915,,,
0.664,1.506024096,144.457,,,
0.668,1.497005988,142.836,,,
0.672,1.488095238,140.949,,,
0.676,1.479289941,139.447,,,
0.68,1.470588235,138.073,,,
0.684,1.461988304,136.603,,,
0.688,1.453488372,135.137,,,
0.692,1.445086705,133.698,,,
0.696,1.436781609,132.147,,,
0.7,1.428571429,130.729,,,
0.704,1.420454545,129.456,,,
0.708,1.412429379,128.193,,,
0.712,1.404494382,126.878,,,
0.716,1.396648045,125.704,,,
0.72,1.388888889,124.346,,,
0.724,1.38121547,123.061,,,
0.728,1.373626374,121.954,,,
0.732,1.366120219,120.789,,,
0.736,1.358695652,119.581,,,
0.74,1.351351351,118.452,,,
0.744,1.344086022,117.276,,,
0.748,1.336898396,116.209,,,
0.752,1.329787234,115.179,,,
0.756,1.322751323,114.111,,,
0.76,1.315789474,113.104,,,
0.764,1.308900524,112.029,,,
0.768,1.302083333,111.121,,,
0.772,1.295336788,110.077,,,
0.776,1.288659794,109.12,,,
0.78,1.282051282,108.096,,,
0.784,1.275510204,107.132,,,
0.788,1.269035533,106.09,,,
0.792,1.262626263,105.052,,,
0.796,1.256281407,104.172,,,
0.8,1.25,103.348,,,
0.804,1.243781095,102.645,,,
0.808,1.237623762,101.819,,,
0.812,1.231527094,100.955,,,
0.816,1.225490196,100,,,
0.82,1.219512195,98.9311,,,
0.824,1.213592233,98.0443,,,
0.828,1.207729469,97.2199,,,
0.832,1.201923077,96.3849,,,
0.836,1.196172249,95.5568,,,
0.84,1.19047619,94.6734,,,
0.844,1.184834123,93.9432,,,
0.848,1.179245283,93.2375,,,
0.852,1.17370892,92.4504,,,
0.856,1.168224299,91.774,,,
0.86,1.162790698,91.0458,,,
0.864,1.157407407,90.1686,,,
0.868,1.152073733,89.3939,,,
0.872,1.146788991,88.7602,,,
0.876,1.141552511,88.0873,,,
0.88,1.136363636,87.3717,,,
0.884,1.131221719,86.6616,,,
0.888,1.126126126,85.9948,,,
0.892,1.121076233,85.3615,,,
0.896,1.116071429,84.6918,,,
0.9,1.111111111,84.0851,,,
0.904,1.10619469,83.336,,,
0.908,1.101321586,82.7226,,,
0.912,1.096491228,82.1276,,,
0.916,1.091703057,81.6325,,,
0.92,1.086956522,81.0599,,,
0.924,1.082251082,80.4994,,,
0.928,1.077586207,79.9083,,,
0.932,1.072961373,79.2368,,,
0.936,1.068376068,78.5693,,,
0.94,1.063829787,77.9323,,,
0.944,1.059322034,77.4379,,,
0.948,1.054852321,77.0019,,,
0.952,1.050420168,76.5382,,,
0.956,1.046025105,76.0639,,,
0.96,1.041666667,75.5538,,,
0.964,1.037344398,74.8484,,,
0.968,1.033057851,74.2114,,,
0.972,1.028806584,73.7129,,,
0.976,1.024590164,73.192,,,
0.98,1.020408163,72.6466,,,
0.984,1.016260163,72.2233,,,
0.988,1.012145749,71.7891,,,
0.992,1.008064516,71.2555,,,
0.996,1.004016064,70.737,,,
1,1,70.2243,,,
1.004,0.996015936,69.7278,,,
1.008,0.992063492,69.2358,,,
1.012,0.988142292,68.7183,,,
1.016,0.984251969,68.322,,,
1.02,0.980392157,67.9192,,,
1.024,0.9765625,67.491,,,
1.028,0.972762646,66.9946,,,
1.032,0.968992248,66.4717,,,
1.036,0.965250965,65.986,,,
1.04,0.961538462,65.546,,,
1.044,0.957854406,65.1577,,,
1.048,0.954198473,64.7479,,,
1.052,0.950570342,64.394,,,
1.056,0.946969697,63.9624,,,
1.06,0.943396226,63.5683,,,
1.064,0.939849624,63.2138,,,
1.068,0.936329588,62.842,,,
1.072,0.932835821,62.5064,,,
1.076,0.92936803,62.1173,,,
1.08,0.925925926,61.6857,,,
1.084,0.922509225,61.3402,,,
1.088,0.919117647,61.0192,,,
1.092,0.915750916,60.6269,,,
1.096,0.912408759,60.1897,,,
1.1,0.909090909,59.7734,,,
1.104,0.905797101,59.3685,,,
1.108,0.902527076,58.96,,,
1.112,0.899280576,58.5955,,,
1.116,0.896057348,58.2748,,,
1.12,0.892857143,57.9899,,,
1.124,0.889679715,57.7056,,,
1.128,0.886524823,57.3728,,,
1.132,0.883392226,57.0557,,,
1.136,0.88028169,56.7342,,,
1.14,0.877192982,56.4045,,,
1.144,0.874125874,56.0767,,,
1.148,0.871080139,55.8087,,,
1.152,0.868055556,55.5403,,,
1.156,0.865051903,55.2477,,,
1.16,0.862068966,54.9402,,,
1.164,0.859106529,54.6584,,,
1.168,0.856164384,54.291,,,
1.172,0.853242321,53.9594,,,
1.176,0.850340136,53.6722,,,
1.18,0.847457627,53.3157,,,
1.184,0.844594595,52.9905,,,
1.188,0.841750842,52.6894,,,
1.192,0.838926174,52.3198,,,
1.196,0.836120401,51.9825,,,
1.2,0.833333333,51.7207,,,
1.204,0.830564784,51.4514,,,
1.208,0.82781457,51.1729,,,
1.212,0.825082508,50.9311,,,
1.216,0.822368421,50.6704,,,
1.22,0.819672131,50.3887,,,
1.224,0.816993464,50.1388,,,
1.228,0.814332248,49.8794,,,
1.232,0.811688312,49.5835,,,
1.236,0.809061489,49.2803,,,
1.24,0.806451613,49.0463,,,
1.244,0.803858521,48.773,,,
1.248,0.801282051,48.5048,,,
1.252,0.798722045,48.26,,,
1.256,0.796178344,48.0752,,,
1.26,0.793650794,47.8755,,,
1.264,0.791139241,47.6378,,,
1.268,0.788643533,47.4114,,,
1.272,0.786163522,47.1311,,,
1.276,0.78369906,46.8456,,,
1.28,0.78125,46.6143,,,
1.284,0.778816199,46.4214,,,
1.288,0.776397516,46.1509,,,
1.292,0.773993808,45.8635,,,
1.296,0.771604938,45.6847,,,
1.3,0.769230769,45.4874,,,
1.304,0.766871166,45.2569,,,
1.308,0.764525994,45.0095,,,
1.312,0.762195122,44.8012,,,
1.316,0.759878419,44.5243,,,
1.32,0.757575758,44.3194,,,
1.324,0.755287009,44.0832,,,
1.328,0.753012048,43.9024,,,
1.332,0.750750751,43.6835,,,
1.336,0.748502994,43.4115,,,
1.34,0.746268657,43.2314,,,
1.344,0.744047619,43.0429,,,
1.348,0.741839763,42.8282,,,
1.352,0.73964497,42.6023,,,
1.356,0.737463127,42.3997,,,
1.36,0.735294118,42.203,,,
1.364,0.73313783,41.9766,,,
1.368,0.730994152,41.7665,,,
1.372,0.728862974,41.5639,,,
1.376,0.726744186,41.3301,,,
1.38,0.724637681,41.1912,,,
1.384,0.722543353,41.0011,,,
1.388,0.720461095,40.8575,,,
1.392,0.718390805,40.6978,,,
1.396,0.716332378,40.5242,,,
1.4,0.714285714,40.3261,,,
1.404,0.712250712,40.1126,,,
1.408,0.710227273,39.8904,,,
1.412,0.708215297,39.7152,,,
1.416,0.706214689,39.505,,,
1.42,0.704225352,39.361,,,
1.424,0.702247191,39.1812,,,
1.428,0.700280112,39.0342,,,
1.432,0.698324022,38.8526,,,
1.436,0.69637883,38.6828,,,
1.44,0.694444444,38.5582,,,
1.444,0.692520776,38.4097,,,
1.448,0.690607735,38.2724,,,
1.452,0.688705234,38.0636,,,
1.456,0.686813187,37.8551,,,
1.46,0.684931507,37.6816,,,
1.464,0.683060109,37.5332,,,
1.468,0.68119891,37.4195,,,
1.472,0.679347826,37.2649,,,
1.476,0.677506775,37.1348,,,
1.48,0.675675676,36.9693,,,
1.484,0.673854447,36.7988,,,
1.488,0.672043011,36.5977,,,
1.492,0.670241287,36.4646,,,
1.496,0.668449198,36.3016,,,
1.5,0.666666667,36.0544,,,
1.504,0.664893617,35.8917,,,
1.508,0.663129973,35.7052,,,
1.512,0.661375661,35.5677,,,
1.516,0.659630607,35.437,,,
1.52,0.657894737,35.3729,,,
1.524,0.656167979,35.2698,,,
1.528,0.654450262,35.1223,,,
1.532,0.652741514,34.9703,,,
1.536,0.651041667,34.8598,,,
1.54,0.649350649,34.719,,,
1.544,0.647668394,34.6139,,,
1.548,0.645994832,34.4286,,,
1.552,0.644329897,34.2958,,,
1.556,0.642673522,34.1635,,,
1.56,0.641025641,33.9885,,,
1.564,0.639386189,33.8497,,,
1.568,0.637755102,33.6931,,,
1.572,0.636132316,33.5177,,,
1.576,0.634517766,33.4241,,,
1.58,0.632911392,33.3088,,,
1.584,0.631313131,33.1515,,,
1.588,0.629722922,33.0529,,,
1.592,0.628140704,32.9639,,,
1.596,0.626566416,32.8708,,,
1.6,0.625,32.6826,,,
1.604,0.623441397,32.5541,,,
1.608,0.621890547,32.4789,,,
1.612,0.620347395,32.3332,,,
1.616,0.618811881,32.2084,,,
1.62,0.617283951,32.0277,,,
1.624,0.615763547,31.874,,,
1.628,0.614250614,31.7388,,,
1.632,0.612745098,31.6214,,,
1.636,0.611246944,31.5166,,,
1.64,0.609756098,31.4131,,,
1.644,0.608272506,31.2559,,,
1.648,0.606796117,31.132,,,
1.652,0.605326877,31.0677,,,
1.656,0.603864734,31.0067,,,
1.66,0.602409639,30.9676,,,
1.664,0.600961538,30.8668,,,
1.668,0.599520384,30.7119,,,
1.672,0.598086124,30.5435,,,
1.676,0.596658711,30.4825,,,
1.68,0.595238095,30.4266,,,
1.684,0.593824228,30.3287,,,
1.688,0.592417062,30.2443,,,
1.692,0.591016548,30.106,,,
1.696,0.589622642,29.9893,,,
1.7,0.588235294,29.8756,,,
1.704,0.58685446,29.7373,,,
1.708,0.585480094,29.6477,,,
1.712,0.58411215,29.5619,,,
1.716,0.582750583,29.4705,,,
1.72,0.581395349,29.3493,,,
1.724,0.580046404,29.2244,,,
1.728,0.578703704,29.153,,,
1.732,0.577367206,29.0563,,,
1.736,0.576036866,28.9739,,,
1.74,0.574712644,28.8652,,,
1.744,0.573394495,28.7878,,,
1.748,0.57208238,28.6987,,,
1.752,0.570776256,28.6157,,,
1.756,0.569476082,28.514,,,
1.76,0.568181818,28.4281,,,
1.764,0.566893424,28.2891,,,
1.768,0.56561086,28.1847,,,
1.772,0.564334086,28.0781,,,
1.776,0.563063063,27.9783,,,
1.78,0.561797753,27.8954,,,
1.784,0.560538117,27.8398,,,
1.788,0.559284116,27.7419,,,
1.792,0.558035714,27.6425,,,
1.796,0.556792873,27.5235,,,
1.8,0.555555556,27.4318,,,
1.804,0.554323725,27.3018,,,
1.808,0.553097345,27.2027,,,
1.812,0.55187638,27.097,,,
1.816,0.550660793,26.9773,,,
1.82,0.549450549,26.9001,,,
1.824,0.548245614,26.8581,,,
1.828,0.547045952,26.8161,,,
1.832,0.545851528,26.755,,,
1.836,0.544662309,26.6736,,,
1.84,0.543478261,26.5755,,,
1.844,0.542299349,26.4872,,,
1.848,0.541125541,26.4562,,,
1.852,0.539956803,26.3858,,,
1.856,0.538793103,26.3251,,,
1.86,0.537634409,26.2316,,,
1.864,0.536480687,26.1499,,,
1.868,0.535331906,26.0261,,,
1.872,0.534188034,25.9732,,,
1.876,0.533049041,25.898,,,
1.88,0.531914894,25.8329,,,
1.884,0.530785563,25.7856,,,
1.888,0.529661017,25.7346,,,
1.892,0.528541226,25.6824,,,
1.896,0.52742616,25.6262,,,
1.9,0.526315789,25.5481,,,
1.904,0.525210084,25.4686,,,
1.908,0.524109015,25.3416,,,
1.912,0.523012552,25.2643,,,
1.916,0.521920668,25.1856,,,
1.92,0.520833333,25.0688,,,
1.924,0.51975052,24.9849,,,
1.928,0.518672199,24.9174,,,
1.932,0.517598344,24.8592,,,
1.936,0.516528926,24.7905,,,
1.94,0.515463918,24.6922,,,
1.944,0.514403292,24.6484,,,
1.948,0.513347023,24.5903,,,
1.952,0.512295082,24.4979,,,
1.956,0.511247444,24.4951,,,
1.96,0.510204082,24.444,,,
1.964,0.509164969,24.3567,,,
1.968,0.508130081,24.3048,,,
1.972,0.507099391,24.2336,,,
1.976,0.506072874,24.2033,,,
1.98,0.505050505,24.1712,,,
1.984,0.504032258,24.1091,,,
1.988,0.503018109,24.0231,,,
1.992,0.502008032,23.9497,,,
1.996,0.501002004,23.9044,,,
2,0.5,23.8469,,,
2.004,0.499001996,23.7681,,,
2.008,0.498007968,23.6982,,,
2.012,0.497017893,23.6226,,,
2.016,0.496031746,23.5738,,,
2.02,0.495049505,23.5307,,,
2.024,0.494071146,23.4851,,,
2.028,0.493096647,23.4106,,,
2.032,0.492125984,23.3312,,,
2.036,0.491159136,23.2739,,,
2.04,0.490196078,23.2381,,,
2.044,0.489236791,23.2256,,,
2.048,0.48828125,23.1915,,,
2.052,0.487329435,23.1992,,,
2.056,0.486381323,23.12,,,
2.06,0.485436893,23.0541,,,
2.064,0.484496124,22.9919,,,
2.068,0.483558994,22.9298,,,
2.072,0.482625483,22.9015,,,
2.076,0.481695568,22.826,,,
2.08,0.480769231,22.7302,,,
2.084,0.479846449,22.6994,,,
2.088,0.478927203,22.6365,,,
2.092,0.478011472,22.6194,,,
2.096,0.477099237,22.5752,,,
2.1,0.476190476,22.5231,,,
2.104,0.475285171,22.5117,,,
2.108,0.474383302,22.499,,,
2.112,0.473484848,22.4358,,,
2.116,0.472589792,22.4273,,,
2.12,0.471698113,22.3948,,,
2.124,0.470809793,22.3476,,,
2.128,0.469924812,22.3272,,,
2.132,0.469043152,22.3202,,,
2.136,0.468164794,22.2363,,,
2.14,0.46728972,22.1901,,,
2.144,0.46641791,22.1622,,,
2.148,0.465549348,22.0957,,,
2.152,0.464684015,22.0221,,,
2.156,0.463821892,22.0033,,,
2.16,0.462962963,21.9613,,,
2.164,0.462107209,21.915,,,
2.168,0.461254613,21.8841,,,
2.172,0.460405157,21.8608,,,
2.176,0.459558824,21.83,,,
2.18,0.458715596,21.8314,,,
2.184,0.457875458,21.7968,,,
2.188,0.457038391,21.7408,,,
2.192,0.45620438,21.6827,,,
2.196,0.455373406,21.6257,,,
2.2,0.454545455,21.5539,,,
2.204,0.453720508,21.5402,,,
2.208,0.452898551,21.4683,,,
2.212,0.452079566,21.4234,,,
2.216,0.451263538,21.4284,,,
2.22,0.45045045,21.4258,,,
2.224,0.449640288,21.3856,,,
2.228,0.448833034,21.3809,,,
2.232,0.448028674,21.3352,,,
2.236,0.447227191,21.2663,,,
2.24,0.446428571,21.1991,,,
2.244,0.445632799,21.1367,,,
2.248,0.444839858,21.1084,,,
2.252,0.444049734,21.1128,,,
2.256,0.443262411,21.0986,,,
2.26,0.442477876,21.0669,,,
2.264,0.441696113,21.0233,,,
2.268,0.440917108,21.0153,,,
2.272,0.440140845,20.9771,,,
2.276,0.439367311,20.9626,,,
2.28,0.438596491,20.9291,,,
2.284,0.437828371,20.8851,,,
2.288,0.437062937,20.8761,,,
2.292,0.436300175,20.8484,,,
2.296,0.43554007,20.8149,,,
2.3,0.434782609,20.8397,,,
2.304,0.434027778,20.814,,,
2.308,0.433275563,20.7992,,,
2.312,0.432525952,20.7456,,,
2.316,0.431778929,20.7202,,,
2.32,0.431034483,20.674,,,
2.324,0.430292599,20.6217,,,
2.328,0.429553265,20.5651,,,
2.332,0.428816467,20.5266,,,
2.336,0.428082192,20.5055,,,
2.34,0.427350427,20.4754,,,
2.344,0.42662116,20.4734,,,
2.348,0.425894378,20.4634,,,
2.352,0.425170068,20.4441,,,
2.356,0.424448217,20.4066,,,
2.36,0.423728814,20.3386,,,
2.364,0.423011844,20.3073,,,
2.368,0.422297297,20.3189,,,
2.372,0.42158516,20.3223,,,
2.376,0.420875421,20.3238,,,
2.38,0.420168067,20.306,,,
2.384,0.419463087,20.2779,,,
2.388,0.418760469,20.2844,,,
2.392,0.418060201,20.257,,,
2.396,0.41736227,20.2195,,,
2.4,0.416666667,20.2164,,,
2.404,0.415973378,20.2173,,,
2.408,0.415282392,20.2368,,,
2.412,0.414593698,20.2527,,,
2.416,0.413907285,20.2092,,,
2.42,0.41322314,20.1402,,,
2.424,0.412541254,20.0668,,,
2.428,0.411861614,20.0711,,,
2.432,0.411184211,20.0332,,,
2.436,0.410509031,20.006,,,
2.44,0.409836066,19.9619,,,
2.444,0.409165303,19.9325,,,
2.448,0.408496732,19.942,,,
2.452,0.407830343,19.9871,,,
2.456,0.407166124,19.916,,,
2.46,0.406504065,19.8673,,,
2.464,0.405844156,19.8377,,,
2.468,0.405186386,19.8296,,,
2.472,0.404530744,19.7986,,,
2.476,0.403877221,19.7832,,,
2.48,0.403225806,19.7693,,,
2.484,0.40257649,19.7412,,,
2.488,0.40192926,19.7036,,,
2.492,0.401284109,19.6849,,,
2.496,0.400641026,19.6803,,,
2.5,0.4,19.6776,,,
2.504,0.399361022,19.6191,,,
2.508,0.398724083,19.6189,,,
2.512,0.398089172,19.578,,,
2.516,0.39745628,19.5772,,,
2.52,0.396825397,19.5912,,,
2.524,0.396196513,19.5912,,,
2.528,0.39556962,19.6107,,,
2.532,0.394944708,19.6163,,,
2.536,0.394321767,19.6055,,,
2.54,0.393700787,19.6025,,,
2.544,0.393081761,19.594,,,
2.548,0.392464678,19.5622,,,
2.552,0.39184953,19.5202,,,
2.556,0.391236307,19.5218,,,
2.56,0.390625,19.5057,,,
2.564,0.390015601,19.5134,,,
2.568,0.3894081,19.5021,,,
2.572,0.388802488,19.4732,,,
2.576,0.388198758,19.4583,,,
2.58,0.387596899,19.4575,,,
2.584,0.386996904,19.4424,,,
2.588,0.386398764,19.4468,,,
2.592,0.385802469,19.4509,,,
2.596,0.385208012,19.4669,,,
2.6,0.384615385,19.4543,,,
2.604,0.384024578,19.4131,,,
2.608,0.383435583,19.3396,,,
2.612,0.382848392,19.3164,,,
2.616,0.382262997,19.3067,,,
2.62,0.381679389,19.2877,,,
2.624,0.381097561,19.2752,,,
2.628,0.380517504,19.2825,,,
2.632,0.37993921,19.2429,,,
2.636,0.379362671,19.1976,,,
2.64,0.378787879,19.2019,,,
2.644,0.378214826,19.2056,,,
2.648,0.377643505,19.1665,,,
2.652,0.377073906,19.1526,,,
2.656,0.376506024,19.1044,,,
2.66,0.37593985,19.0863,,,
2.664,0.375375375,19.0626,,,
2.668,0.374812594,19.055,,,
2.672,0.374251497,19.0763,,,
2.676,0.373692078,19.0625,,,
2.68,0.373134328,19.0754,,,
2.684,0.372578241,19.0532,,,
2.688,0.37202381,19.0143,,,
2.692,0.371471025,19.0006,,,
2.696,0.370919881,18.9982,,,
2.7,0.37037037,19.0197,,,
2.704,0.369822485,19.0198,,,
2.708,0.369276219,19.0177,,,
2.712,0.368731563,18.9897,,,
2.716,0.368188513,18.9564,,,
2.72,0.367647059,18.9048,,,
2.724,0.367107195,18.8725,,,
2.728,0.366568915,18.8424,,,
2.732,0.366032211,18.8686,,,
2.736,0.365497076,18.8607,,,
2.74,0.364963504,18.8615,,,
2.744,0.364431487,18.8199,,,
2.748,0.363901019,18.7836,,,
2.752,0.363372093,18.7743,,,
2.756,0.362844702,18.74,,,
2.76,0.362318841,18.758,,,
2.764,0.361794501,18.7807,,,
2.768,0.361271676,18.7552,,,
2.772,0.360750361,18.7488,,,
2.776,0.360230548,18.7426,,,
2.78,0.35971223,18.7497,,,
2.784,0.359195402,18.7351,,,
2.788,0.358680057,18.7201,,,
2.792,0.358166189,18.7036,,,
2.796,0.357653791,18.6863,,,
2.8,0.357142857,18.6376,,,
2.804,0.356633381,18.6225,,,
2.808,0.356125356,18.6086,,,
2.812,0.355618777,18.6504,,,
2.816,0.355113636,18.5929,,,
2.82,0.354609929,18.5529,,,
2.824,0.354107649,18.5557,,,
2.828,0.353606789,18.5403,,,
2.832,0.353107345,18.5491,,,
2.836,0.352609309,18.4833,,,
2.84,0.352112676,18.4893,,,
2.844,0.35161744,18.4696,,,
2.848,0.351123596,18.4488,,,
2.852,0.350631136,18.4278,,,
2.856,0.350140056,18.4348,,,
2.86,0.34965035,18.4095,,,
2.864,0.349162011,18.3646,,,
2.868,0.348675035,18.3277,,,
2.872,0.348189415,18.3199,,,
2.876,0.347705146,18.3326,,,
2.88,0.347222222,18.3238,,,
2.884,0.346740638,18.3613,,,
2.888,0.346260388,18.3841,,,
2.892,0.345781466,18.3674,,,
2.896,0.345303867,18.327,,,
2.9,0.344827586,18.3387,,,
2.904,0.344352617,18.3243,,,
2.908,0.343878955,18.2928,,,
2.912,0.343406593,18.2695,,,
2.916,0.342935528,18.2498,,,
2.92,0.342465753,18.1921,,,
2.924,0.341997264,18.1711,,,
2.928,0.341530055,18.1164,,,
2.932,0.34106412,18.0782,,,
2.936,0.340599455,18.0542,,,
2.94,0.340136054,18.0364,,,
2.944,0.339673913,18.0177,,,
2.948,0.339213026,18.0446,,,
2.952,0.338753388,18.0822,,,
2.956,0.338294993,18.0572,,,
2.96,0.337837838,18.0279,,,
2.964,0.337381916,17.9927,,,
2.968,0.336927224,17.9581,,,
2.972,0.336473755,17.9244,,,
2.976,0.336021505,17.9151,,,
2.98,0.33557047,17.8976,,,
2.984,0.335120643,17.8838,,,
2.988,0.334672021,17.8433,,,
2.992,0.334224599,17.8283,,,
2.996,0.333778371,17.8198,,,
3,0.333333333,17.7822,,,
3.004,0.332889481,17.778,,,
3.008,0.332446809,17.8054,,,
3.012,0.332005312,17.7745,,,
3.016,0.331564987,17.748,,,
3.02,0.331125828,17.7313,,,
3.024,0.330687831,17.6907,,,
3.028,0.330250991,17.703,,,
3.032,0.329815303,17.6832,,,
3.036,0.329380764,17.5946,,,
3.04,0.328947368,17.5731,,,
3.044,0.328515112,17.587,,,
3.048,0.32808399,17.5867,,,
3.052,0.327653997,17.4978,,,
3.056,0.327225131,17.4764,,,
3.06,0.326797386,17.4581,,,
3.064,0.326370757,17.4257,,,
3.068,0.325945241,17.3759,,,
3.072,0.325520833,17.4066,,,
3.076,0.325097529,17.3794,,,
3.08,0.324675325,17.3333,,,
3.084,0.324254215,17.2958,,,
3.088,0.323834197,17.2766,,,
3.092,0.323415265,17.244,,,
3.096,0.322997416,17.2311,,,
3.1,0.322580645,17.2113,,,
3.104,0.322164948,17.1669,,,
3.108,0.321750322,17.1249,,,
3.112,0.321336761,17.1287,,,
3.116,0.320924262,17.08,,,
3.12,0.320512821,17.0781,,,
3.124,0.320102433,17.0316,,,
3.128,0.319693095,17.0095,,,
3.132,0.319284802,16.9755,,,
3.136,0.318877551,16.9315,,,
3.14,0.318471338,16.9239,,,
3.144,0.318066158,16.9167,,,
3.148,0.317662008,16.8749,,,
3.152,0.317258883,16.8741,,,
3.156,0.316856781,16.8102,,,
3.16,0.316455696,16.7564,,,
3.164,0.316055626,16.7075,,,
3.168,0.315656566,16.7225,,,
3.172,0.315258512,16.7246,,,
3.176,0.314861461,16.681,,,
3.18,0.314465409,16.6791,,,
3.184,0.314070352,16.6463,,,
3.188,0.313676286,16.5957,,,
3.192,0.313283208,16.5829,,,
3.196,0.312891114,16.5758,,,
3.2,0.3125,16.5481,,,
3.204,0.312109863,16.4905,,,
3.208,0.311720698,16.4412,,,
3.212,0.311332503,16.4116,,,
3.216,0.310945274,16.3671,,,
3.22,0.310559006,16.3251,,,
3.224,0.310173697,16.335,,,
3.228,0.309789343,16.339,,,
3.232,0.309405941,16.2924,,,
3.236,0.309023486,16.2473,,,
3.24,0.308641975,16.2026,,,
3.244,0.308261406,16.1542,,,
3.248,0.307881773,16.1397,,,
3.252,0.307503075,16.0965,,,
3.256,0.307125307,16.044,,,
3.26,0.306748466,16.0103,,,
3.264,0.306372549,15.9739,,,
3.268,0.305997552,15.9588,,,
3.272,0.305623472,15.9023,,,
3.276,0.305250305,15.8533,,,
3.28,0.304878049,15.7946,,,
3.284,0.304506699,15.7403,,,
3.288,0.304136253,15.7125,,,
3.292,0.303766707,15.6882,,,
3.296,0.303398058,15.6412,,,
3.3,0.303030303,15.6168,,,
3.304,0.302663438,15.6247,,,
3.308,0.302297461,15.6111,,,
3.312,0.301932367,15.5893,,,
3.316,0.301568154,15.5434,,,
3.32,0.301204819,15.5266,,,
3.324,0.300842359,15.4687,,,
3.328,0.300480769,15.428,,,
3.332,0.300120048,15.3781,,,
3.336,0.299760192,15.334,,,
3.34,0.299401198,15.2954,,,
3.344,0.299043062,15.2445,,,
3.348,0.298685783,15.211,,,
3.352,0.298329356,15.1583,,,
3.356,0.297973778,15.1038,,,
3.36,0.297619048,15.1034,,,
3.364,0.297265161,15.0212,,,
3.368,0.296912114,15.0132,,,
3.372,0.296559905,14.9834,,,
3.376,0.296208531,14.9609,,,
3.38,0.295857988,14.9485,,,
3.384,0.295508274,14.9346,,,
3.388,0.295159386,14.8859,,,
3.392,0.294811321,14.8148,,,
3.396,0.294464075,14.7287,,,
3.4,0.294117647,14.7271,,,
3.404,0.293772033,14.6976,,,
3.408,0.29342723,14.6584,,,
3.412,0.293083236,14.6147,,,
3.416,0.292740047,14.5829,,,
3.42,0.292397661,14.5257,,,
3.424,0.292056075,14.5074,,,
3.428,0.291715286,14.4385,,,
3.432,0.291375291,14.4088,,,
3.436,0.291036088,14.3555,,,
3.44,0.290697674,14.3053,,,
3.444,0.290360046,14.2854,,,
3.448,0.290023202,14.2764,,,
3.452,0.289687138,14.2031,,,
3.456,0.289351852,14.1406,,,
3.46,0.289017341,14.0971,,,
3.464,0.288683603,14.0755,,,
3.468,0.288350634,14.0105,,,
3.472,0.288018433,13.9737,,,
3.476,0.287686997,13.9192,,,
3.48,0.287356322,13.9165,,,
3.484,0.287026406,13.8905,,,
3.488,0.286697248,13.8355,,,
3.492,0.286368843,13.7938,,,
3.496,0.28604119,13.737,,,
3.5,0.285714286,13.7164,,,
3.504,0.285388128,13.6608,,,
3.508,0.285062714,13.622,,,
3.512,0.284738041,13.5858,,,
3.516,0.284414107,13.5585,,,
3.52,0.284090909,13.5077,,,
3.524,0.283768445,13.4701,,,
3.528,0.283446712,13.451,,,
3.532,0.283125708,13.4201,,,
3.536,0.28280543,13.4122,,,
3.54,0.282485876,13.344,,,
3.544,0.282167043,13.2958,,,
3.548,0.281848929,13.2451,,,
3.552,0.281531532,13.2031,,,
3.556,0.281214848,13.2029,,,
3.56,0.280898876,13.1351,,,
3.564,0.280583614,13.0845,,,
3.568,0.280269058,13.058,,,
3.572,0.279955207,13.0273,,,
3.576,0.279642058,13.0076,,,
3.58,0.279329609,12.9672,,,
3.584,0.279017857,12.9051,,,
3.588,0.2787068,12.8511,,,
3.592,0.278396437,12.8119,,,
3.596,0.278086763,12.7964,,,
3.6,0.277777778,12.7565,,,
3.604,0.277469478,12.7375,,,
3.608,0.277161863,12.7118,,,
3.612,0.276854928,12.684,,,
3.616,0.276548673,12.6401,,,
3.62,0.276243094,12.5905,,,
3.624,0.27593819,12.5543,,,
3.628,0.275633958,12.5045,,,
3.632,0.275330396,12.4366,,,
3.636,0.275027503,12.3979,,,
3.64,0.274725275,12.3662,,,
3.644,0.27442371,12.3011,,,
3.648,0.274122807,12.2388,,,
3.652,0.273822563,12.2313,,,
3.656,0.273522976,12.2078,,,
3.66,0.273224044,12.2036,,,
3.664,0.272925764,12.1869,,,
3.668,0.272628135,12.1227,,,
3.672,0.272331155,12.085,,,
3.676,0.27203482,12.0625,,,
3.68,0.27173913,11.9946,,,
3.684,0.271444083,11.9735,,,
3.688,0.271149675,11.9482,,,
3.692,0.270855905,11.9148,,,
3.696,0.270562771,11.8821,,,
3.7,0.27027027,11.8367,,,
3.704,0.269978402,11.7939,,,
3.708,0.269687163,11.7573,,,
3.712,0.269396552,11.7326,,,
3.716,0.269106566,11.7209,,,
3.72,0.268817204,11.6882,,,
3.724,0.268528464,11.6696,,,
3.728,0.268240343,11.6312,,,
3.732,0.26795284,11.5973,,,
3.736,0.267665953,11.5679,,,
3.74,0.267379679,11.5179,,,
3.744,0.267094017,11.4898,,,
3.748,0.266808965,11.4663,,,
3.752,0.26652452,11.4152,,,
3.756,0.266240682,11.357,,,
3.76,0.265957447,11.3113,,,
3.764,0.265674814,11.2595,,,
3.768,0.265392781,11.2467,,,
3.772,0.265111347,11.2233,,,
3.776,0.264830508,11.1867,,,
3.78,0.264550265,11.1269,,,
3.784,0.264270613,11.1037,,,
3.788,0.263991552,11.0928,,,
3.792,0.26371308,11.076,,,
3.796,0.263435195,11.0572,,,
3.8,0.263157895,11.0154,,,
3.804,0.262881178,10.9807,,,
3.808,0.262605042,10.9185,,,
3.812,0.262329486,10.8997,,,
3.816,0.262054507,10.8474,,,
3.82,0.261780105,10.8031,,,
3.824,0.261506276,10.7884,,,
3.828,0.26123302,10.7589,,,
3.832,0.260960334,10.6989,,,
3.836,0.260688217,10.6934,,,
3.84,0.260416667,10.6334,,,
3.844,0.260145682,10.6031,,,
3.848,0.25987526,10.5883,,,
3.852,0.2596054,10.5633,,,
3.856,0.2593361,10.515,,,
3.86,0.259067358,10.4993,,,
3.864,0.258799172,10.493,,,
3.868,0.258531541,10.4666,,,
3.872,0.258264463,10.435,,,
3.876,0.257997936,10.4171,,,
3.88,0.257731959,10.373,,,
3.884,0.257466529,10.3597,,,
3.888,0.257201646,10.3272,,,
3.892,0.256937307,10.363,,,
3.896,0.256673511,10.3439,,,
3.9,0.256410256,10.3216,,,
3.904,0.256147541,10.2639,,,
3.908,0.255885363,10.1931,,,
3.912,0.255623722,10.161,,,
3.916,0.255362615,10.1813,,,
3.92,0.255102041,10.119,,,
3.924,0.254841998,10.0937,,,
3.928,0.254582485,10.0745,,,
3.932,0.254323499,10.0467,,,
3.936,0.254065041,9.99436,,,
3.94,0.253807107,9.93645,,,
3.944,0.253549696,9.90413,,,
3.948,0.253292806,9.8934,,,
3.952,0.253036437,9.87593,,,
3.956,0.252780586,9.84375,,,
3.96,0.252525253,9.86213,,,
3.964,0.252270434,9.86081,,,
3.968,0.252016129,9.80688,,,
3.972,0.251762336,9.80688,,,
3.976,0.251509054,9.75864,,,
3.98,0.251256281,9.75771,,,
3.984,0.251004016,9.71387,,,
3.988,0.250752257,9.69128,,,
3.992,0.250501002,9.67833,,,
3.996,0.25025025,9.68519,,,
4,0.25,9.66633,,,
4.004,0.24975025,9.60423,,,
4.008,0.249500998,9.5638,,,
4.012,0.249252243,9.56131,,,
4.016,0.249003984,9.54411,,,
4.02,0.248756219,9.52012,,,
4.024,0.248508946,9.5291,,,
4.028,0.248262165,9.50221,,,
4.032,0.248015873,9.47055,,,
4.036,0.247770069,9.45753,,,
4.04,0.247524752,9.45249,,,
4.044,0.247279921,9.422,,,
4.048,0.247035573,9.38258,,,
4.052,0.246791708,9.38426,,,
4.056,0.246548323,9.38274,,,
4.06,0.246305419,9.36491,,,
4.064,0.246062992,9.35015,,,
4.068,0.245821042,9.35726,,,
4.072,0.245579568,9.34759,,,
4.076,0.245338567,9.31801,,,
4.08,0.245098039,9.32106,,,
4.084,0.244857982,9.30268,,,
4.088,0.244618395,9.23191,,,
4.092,0.244379277,9.22582,,,
4.096,0.244140625,9.20846,,,
4.1,0.243902439,9.19181,,,
4.104,0.243664717,9.14689,,,
4.108,0.243427459,9.13756,,,
4.112,0.243190661,9.09255,,,
4.116,0.242954325,9.08426,,,
4.12,0.242718447,9.06933,,,
4.124,0.242483026,9.05931,,,
4.128,0.242248062,9.03372,,,
4.132,0.242013553,9.03569,,,
4.136,0.241779497,9.03539,,,
4.14,0.241545894,9.03456,,,
4.144,0.241312741,9.03065,,,
4.148,0.241080039,9.00645,,,
4.152,0.240847784,8.97596,,,
4.156,0.240615977,8.9698,,,
4.16,0.240384615,8.94837,,,
4.164,0.240153698,8.93703,,,
4.168,0.239923225,8.9211,,,
4.172,0.239693193,8.93801,,,
4.176,0.239463602,8.94553,,,
4.18,0.23923445,8.91285,,,
4.184,0.239005736,8.90662,,,
4.188,0.238777459,8.91004,,,
4.192,0.238549618,8.86144,,,
4.196,0.238322212,8.8387,,,
4.2,0.238095238,8.80691,,,
4.204,0.237868696,8.79205,,,
4.208,0.237642586,8.77887,,,
4.212,0.237416904,8.79233,,,
4.216,0.237191651,8.80136,,,
4.22,0.236966825,8.78349,,,
4.224,0.236742424,8.78509,,,
4.228,0.236518448,8.76911,,,
4.232,0.236294896,8.75013,,,
4.236,0.236071766,8.73302,,,
4.24,0.235849057,8.72468,,,
4.244,0.235626767,8.69469,,,
4.248,0.235404896,8.71709,,,
4.252,0.235183443,8.70146,,,
4.256,0.234962406,8.69447,,,
4.26,0.234741784,8.66845,,,
4.264,0.234521576,8.66996,,,
4.268,0.234301781,8.65913,,,
4.272,0.234082397,8.66415,,,
4.276,0.233863424,8.64876,,,
4.28,0.23364486,8.63151,,,
4.284,0.233426704,8.60714,,,
4.288,0.233208955,8.62605,,,
4.292,0.232991612,8.62239,,,
4.296,0.232774674,8.59531,,,
4.3,0.23255814,8.59036,,,
4.304,0.232342007,8.59372,,,
4.308,0.232126277,8.53352,,,
4.312,0.231910946,8.51517,,,
4.316,0.231696015,8.53136,,,
4.32,0.231481481,8.53475,,,
4.324,0.231267345,8.54297,,,
4.328,0.231053604,8.50374,,,
4.332,0.230840259,8.4579,,,
4.336,0.230627306,8.44448,,,
4.34,0.230414747,8.46878,,,
4.344,0.230202578,8.44333,,,
4.348,0.2299908,8.43603,,,
4.352,0.229779412,8.42474,,,
4.356,0.229568411,8.41384,,,
4.36,0.229357798,8.40578,,,
4.364,0.229147571,8.37651,,,
4.368,0.228937729,8.37761,,,
4.372,0.228728271,8.39201,,,
4.376,0.228519196,8.36497,,,
4.38,0.228310502,8.36344,,,
4.384,0.22810219,8.36337,,,
4.388,0.227894257,8.36571,,,
4.392,0.227686703,8.34149,,,
4.396,0.227479527,8.33755,,,
4.4,0.227272727,8.3175,,,
4.404,0.227066303,8.31287,,,
4.408,0.226860254,8.29377,,,
4.412,0.226654578,8.28606,,,
4.416,0.226449275,8.28767,,,
4.42,0.226244344,8.28797,,,
4.424,0.226039783,8.26609,,,
4.428,0.225835592,8.25835,,,
4.432,0.225631769,8.25047,,,
4.436,0.225428314,8.23839,,,
4.44,0.225225225,8.26722,,,
4.444,0.225022502,8.22453,,,
4.448,0.224820144,8.21107,,,
4.452,0.224618149,8.17821,,,
4.456,0.224416517,8.15425,,,
4.46,0.224215247,8.132,,,
4.464,0.224014337,8.14528,,,
4.468,0.223813787,8.17902,,,
4.472,0.223613596,8.15975,,,
4.476,0.223413762,8.15385,,,
4.48,0.223214286,8.12734,,,
4.484,0.223015165,8.13155,,,
4.488,0.222816399,8.11095,,,
4.492,0.222617988,8.09135,,,
4.496,0.222419929,8.06933,,,
4.5,0.222222222,8.05725,,,
4.504,0.222024867,8.07572,,,
4.508,0.221827862,8.06366,,,
4.512,0.221631206,8.07529,,,
4.516,0.221434898,8.07842,,,
4.52,0.221238938,8.04065,,,
4.524,0.221043324,8.02249,,,
4.528,0.220848057,7.98359,,,
4.532,0.220653133,7.99498,,,
4.536,0.220458554,8.00565,,,
4.54,0.220264317,7.98174,,,
4.544,0.220070423,8.00317,,,
4.548,0.219876869,8.00139,,,
4.552,0.219683656,7.97944,,,
4.556,0.219490781,7.95381,,,
4.56,0.219298246,7.97849,,,
4.564,0.219106047,7.95152,,,
4.568,0.218914186,7.91518,,,
4.572,0.21872266,7.90114,,,
4.576,0.218531469,7.89992,,,
4.58,0.218340611,7.87118,,,
4.584,0.218150087,7.85201,,,
4.588,0.217959895,7.84191,,,
4.592,0.217770035,7.80013,,,
4.596,0.217580505,7.81977,,,
4.6,0.217391304,7.82023,,,
4.604,0.217202433,7.81902,,,
4.608,0.217013889,7.82699,,,
4.612,0.216825672,7.8278,,,
4.616,0.216637782,7.82857,,,
4.62,0.216450216,7.8013,,,
4.624,0.216262976,7.79025,,,
4.628,0.216076059,7.7828,,,
4.632,0.215889465,7.77484,,,
4.636,0.215703192,7.72071,,,
4.64,0.215517241,7.73025,,,
4.644,0.215331611,7.70418,,,
4.648,0.215146299,7.73102,,,
4.652,0.214961307,7.70515,,,
4.656,0.214776632,7.71663,,,
4.66,0.214592275,7.70135,,,
4.664,0.214408233,7.66919,,,
4.668,0.214224507,7.64568,,,
4.672,0.214041096,7.62303,,,
4.676,0.213857998,7.60051,,,
4.68,0.213675214,7.61281,,,
4.684,0.213492741,7.61543,,,
4.688,0.21331058,7.62929,,,
4.692,0.21312873,7.58037,,,
4.696,0.212947189,7.59204,,,
4.7,0.212765957,7.56368,,,
4.704,0.212585034,7.57008,,,
4.708,0.212404418,7.55145,,,
4.712,0.212224109,7.52554,,,
4.716,0.212044105,7.51699,,,
4.72,0.211864407,7.52124,,,
4.724,0.211685013,7.50889,,,
4.728,0.211505922,7.52424,,,
4.732,0.211327134,7.52128,,,
4.736,0.211148649,7.48527,,,
4.74,0.210970464,7.49132,,,
4.744,0.21079258,7.45266,,,
4.748,0.210614996,7.47479,,,
4.752,0.21043771,7.46791,,,
4.756,0.210260723,7.46541,,,
4.76,0.210084034,7.46609,,,
4.764,0.209907641,7.4588,,,
4.768,0.209731544,7.44198,,,
4.772,0.209555742,7.43287,,,
4.776,0.209380235,7.38532,,,
4.78,0.209205021,7.39329,,,
4.784,0.2090301,7.3921,,,
4.788,0.208855472,7.36913,,,
4.792,0.208681135,7.3699,,,
4.796,0.208507089,7.38361,,,
4.8,0.208333333,7.36874,,,
4.804,0.208159867,7.35163,,,
4.808,0.207986689,7.31925,,,
4.812,0.207813799,7.29565,,,
4.816,0.207641196,7.28846,,,
4.82,0.20746888,7.30547,,,
4.824,0.207296849,7.25306,,,
4.828,0.207125104,7.26156,,,
4.832,0.206953642,7.25728,,,
4.836,0.206782465,7.26534,,,
4.84,0.20661157,7.24723,,,
4.844,0.206440958,7.24355,,,
4.848,0.206270627,7.22999,,,
4.852,0.206100577,7.23684,,,
4.856,0.205930807,7.20656,,,
4.86,0.205761317,7.2098,,,
4.864,0.205592105,7.20678,,,
4.868,0.205423172,7.17677,,,
4.872,0.205254516,7.16556,,,
4.876,0.205086136,7.14521,,,
4.88,0.204918033,7.13623,,,
4.884,0.204750205,7.14739,,,
4.888,0.204582651,7.13358,,,
4.892,0.204415372,7.09059,,,
4.896,0.204248366,7.08509,,,
4.9,0.204081633,7.06029,,,
4.904,0.203915171,7.05597,,,
4.908,0.203748981,7.07851,,,
4.912,0.203583062,7.07367,,,
4.916,0.203417413,7.08086,,,
4.92,0.203252033,7.098,,,
4.924,0.203086921,7.07257,,,
4.928,0.202922078,7.02212,,,
4.932,0.202757502,7.0048,,,
4.936,0.202593193,7.01924,,,
4.94,0.20242915,7.00859,,,
4.944,0.202265372,7.01743,,,
4.948,0.202101859,6.97596,,,
4.952,0.201938611,6.9487,,,
4.956,0.201775626,6.97564,,,
4.96,0.201612903,6.95607,,,
4.964,0.201450443,6.97854,,,
4.968,0.201288245,6.94472,,,
4.972,0.201126307,6.93033,,,
4.976,0.20096463,6.92654,,,
4.98,0.200803213,6.92976,,,
4.984,0.200642055,6.92274,,,
4.988,0.200481155,6.89596,,,
4.992,0.200320513,6.87489,,,
4.996,0.200160128,6.87403,,,
5,0.2,6.8692,,,
5.004,0.199840128,6.82974,,,
5.008,0.199680511,6.85373,,,
5.012,0.199521149,6.84919,,,
5.016,0.199362041,6.8242,,,
5.02,0.199203187,6.8323,,,
5.024,0.199044586,6.81162,,,
5.028,0.198886237,6.8065,,,
5.032,0.19872814,6.80282,,,
5.036,0.198570294,6.79592,,,
5.04,0.198412698,6.79523,,,
5.044,0.198255353,6.78917,,,
5.048,0.198098257,6.76961,,,
5.052,0.197941409,6.7432,,,
5.056,0.19778481,6.74611,,,
5.06,0.197628458,6.75487,,,
5.064,0.197472354,6.7506,,,
5.068,0.197316496,6.71786,,,
5.072,0.197160883,6.71982,,,
5.076,0.197005516,6.71091,,,
5.08,0.196850394,6.69906,,,
5.084,0.196695515,6.69564,,,
5.088,0.196540881,6.68019,,,
5.092,0.196386489,6.66873,,,
5.096,0.196232339,6.64891,,,
5.1,0.196078431,6.64214,,,
5.104,0.195924765,6.61719,,,
5.108,0.195771339,6.63216,,,
5.112,0.195618153,6.63006,,,
5.116,0.195465207,6.63157,,,
5.12,0.1953125,6.62007,,,
5.124,0.195160031,6.61782,,,
5.128,0.1950078,6.63486,,,
5.132,0.194855807,6.62079,,,
5.136,0.19470405,6.61196,,,
5.14,0.194552529,6.62101,,,
5.144,0.194401244,6.59885,,,
5.148,0.194250194,6.5951,,,
5.152,0.194099379,6.55184,,,
5.156,0.193948798,6.55155,,,
5.16,0.19379845,6.54949,,,
5.164,0.193648335,6.53376,,,
5.168,0.193498452,6.54088,,,
5.172,0.193348801,6.53754,,,
5.176,0.193199382,6.52152,,,
5.18,0.193050193,6.5181,,,
5.184,0.192901235,6.50069,,,
5.188,0.192752506,6.49805,,,
5.192,0.192604006,6.45837,,,
5.196,0.192455735,6.46461,,,
5.2,0.192307692,6.46567,,,
5.204,0.192159877,6.48101,,,
5.208,0.192012289,6.47135,,,
5.212,0.191864927,6.45337,,,
5.216,0.191717791,6.43678,,,
5.22,0.191570881,6.44645,,,
5.224,0.191424196,6.44822,,,
5.228,0.191277735,6.42408,,,
5.232,0.191131498,6.39611,,,
5.236,0.190985485,6.39854,,,
5.24,0.190839695,6.39964,,,
5.244,0.190694127,6.40094,,,
5.248,0.19054878,6.40997,,,
5.252,0.190403656,6.38347,,,
5.256,0.190258752,6.377,,,
5.26,0.190114068,6.35755,,,
5.264,0.189969605,6.36213,,,
5.268,0.189825361,6.35438,,,
5.272,0.189681335,6.32885,,,
5.276,0.189537528,6.31598,,,
5.28,0.189393939,6.32905,,,
5.284,0.189250568,6.32962,,,
5.288,0.189107413,6.34723,,,
5.292,0.188964475,6.3395,,,
5.296,0.188821752,6.31208,,,
5.3,0.188679245,6.28101,,,
5.304,0.188536953,6.27187,,,
5.308,0.188394876,6.29656,,,
5.312,0.188253012,6.27182,,,
5.316,0.188111362,6.26158,,,
5.32,0.187969925,6.2564,,,
5.324,0.1878287,6.24153,,,
5.328,0.187687688,6.23902,,,
5.332,0.187546887,6.24804,,,
5.336,0.187406297,6.25534,,,
5.34,0.187265918,6.21576,,,
5.344,0.187125749,6.23828,,,
5.348,0.186985789,6.22907,,,
5.352,0.186846039,6.22297,,,
5.356,0.186706497,6.20003,,,
5.36,0.186567164,6.19223,,,
5.364,0.186428039,6.18876,,,
5.368,0.186289121,6.21984,,,
5.372,0.18615041,6.18483,,,
5.376,0.186011905,6.19863,,,
5.38,0.185873606,6.17683,,,
5.384,0.185735513,6.14769,,,
5.388,0.185597624,6.16733,,,
5.392,0.185459941,6.17183,,,
5.396,0.185322461,6.14725,,,
5.4,0.185185185,6.13232,,,
5.404,0.185048113,6.13979,,,
5.408,0.184911243,6.13996,,,
5.412,0.184774575,6.1351,,,
5.416,0.184638109,6.12304,,,
5.42,0.184501845,6.13625,,,
5.424,0.184365782,6.12282,,,
5.428,0.184229919,6.10435,,,
5.432,0.184094256,6.10139,,,
5.436,0.183958793,6.0897,,,
5.44,0.183823529,6.1036,,,
5.444,0.183688464,6.08793,,,
5.448,0.183553598,6.06574,,,
5.452,0.183418929,6.04046,,,
5.456,0.183284457,6.02489,,,
5.46,0.183150183,6.03684,,,
5.464,0.183016105,6.07543,,,
5.468,0.182882224,6.05937,,,
5.472,0.182748538,6.06468,,,
5.476,0.182615047,6.02617,,,
5.48,0.182481752,6.04136,,,
5.484,0.182348651,6.03302,,,
5.488,0.182215743,6.01235,,,
5.492,0.18208303,6.01039,,,
5.496,0.181950509,5.99668,,,
5.5,0.181818182,5.99649,,,
5.504,0.181686047,5.99551,,,
5.508,0.181554103,5.9977,,,
5.512,0.181422351,6.01028,,,
5.516,0.18129079,5.99766,,,
5.52,0.18115942,5.99126,,,
5.524,0.18102824,5.97459,,,
5.528,0.18089725,5.96509,,,
5.532,0.18076645,5.93746,,,
5.536,0.180635838,5.94029,,,
5.54,0.180505415,5.94249,,,
5.544,0.18037518,5.92892,,,
5.548,0.180245133,5.96938,,,
5.552,0.180115274,5.9536,,,
5.556,0.179985601,5.93386,,,
5.56,0.179856115,5.95826,,,
5.564,0.179726815,5.93701,,,
5.568,0.179597701,5.92317,,,
5.572,0.179468772,5.89889,,,
5.576,0.179340029,5.91634,,,
5.58,0.17921147,5.90661,,,
5.584,0.179083095,5.90263,,,
5.588,0.178954903,5.91083,,,
5.592,0.178826896,5.88335,,,
5.596,0.178699071,5.88769,,,
5.6,0.178571429,5.88683,,,
5.604,0.178443969,5.87516,,,
5.608,0.17831669,5.86948,,,
5.612,0.178189594,5.84529,,,
5.616,0.178062678,5.84656,,,
5.62,0.177935943,5.84347,,,
5.624,0.177809388,5.84418,,,
5.628,0.177683014,5.84689,,,
5.632,0.177556818,5.84982,,,
5.636,0.177430802,5.84699,,,
5.64,0.177304965,5.84354,,,
5.644,0.177179305,5.83786,,,
5.648,0.177053824,5.82931,,,
5.652,0.176928521,5.80468,,,
5.656,0.176803395,5.80968,,,
5.66,0.176678445,5.82825,,,
5.664,0.176553672,5.82631,,,
5.668,0.176429076,5.81315,,,
5.672,0.176304654,5.8088,,,
5.676,0.176180409,5.78162,,,
5.68,0.176056338,5.76915,,,
5.684,0.175932442,5.79224,,,
5.688,0.17580872,5.77035,,,
5.692,0.175685172,5.76647,,,
5.696,0.175561798,5.76105,,,
5.7,0.175438596,5.74928,,,
5.704,0.175315568,5.77443,,,
5.708,0.175192712,5.7493,,,
5.712,0.175070028,5.74168,,,
5.716,0.174947516,5.76264,,,
5.72,0.174825175,5.74529,,,
5.724,0.174703005,5.74235,,,
5.728,0.174581006,5.76798,,,
5.732,0.174459177,5.73659,,,
5.736,0.174337517,5.72211,,,
5.74,0.174216028,5.71777,,,
5.744,0.174094708,5.72974,,,
5.748,0.173973556,5.73189,,,
5.752,0.173852573,5.72037,,,
5.756,0.173731758,5.70734,,,
5.76,0.173611111,5.72844,,,
5.764,0.173490632,5.71987,,,
5.768,0.173370319,5.70697,,,
5.772,0.173250173,5.69757,,,
5.776,0.173130194,5.66575,,,
5.78,0.173010381,5.66824,,,
5.784,0.172890733,5.6579,,,
5.788,0.172771251,5.67337,,,
5.792,0.172651934,5.66979,,,
5.796,0.172532781,5.66216,,,
5.8,0.172413793,5.63999,,,
5.804,0.172294969,5.64559,,,
5.808,0.172176309,5.62713,,,
5.812,0.172057811,5.60288,,,
5.816,0.171939477,5.64891,,,
5.82,0.171821306,5.63021,,,
5.824,0.171703297,5.61879,,,
5.828,0.17158545,5.63131,,,
5.832,0.171467764,5.6123,,,
5.836,0.17135024,5.59285,,,
5.84,0.171232877,5.62662,,,
5.844,0.171115674,5.6188,,,
5.848,0.170998632,5.59937,,,
5.852,0.17088175,5.60111,,,
5.856,0.170765027,5.58042,,,
5.86,0.170648464,5.57431,,,
5.864,0.17053206,5.57322,,,
5.868,0.170415815,5.56813,,,
5.872,0.170299728,5.58557,,,
5.876,0.170183799,5.5854,,,
5.88,0.170068027,5.56646,,,
5.884,0.169952413,5.56215,,,
5.888,0.169836957,5.56441,,,
5.892,0.169721656,5.53934,,,
5.896,0.169606513,5.51286,,,
5.9,0.169491525,5.49806,,,
5.904,0.169376694,5.49442,,,
5.908,0.169262018,5.50231,,,
5.912,0.169147497,5.51093,,,
5.916,0.16903313,5.51489,,,
5.92,0.168918919,5.4769,,,
5.924,0.168804862,5.46902,,,
5.928,0.168690958,5.48681,,,
5.932,0.168577208,5.49316,,,
5.936,0.168463612,5.4732,,,
5.94,0.168350168,5.48682,,,
5.944,0.168236878,5.46543,,,
5.948,0.168123739,5.47014,,,
5.952,0.168010753,5.47067,,,
5.956,0.167897918,5.44196,,,
5.96,0.167785235,5.44356,,,
5.964,0.167672703,5.46599,,,
5.968,0.167560322,5.44117,,,
5.972,0.167448091,5.42844,,,
5.976,0.167336011,5.40975,,,
5.98,0.16722408,5.41056,,,
5.984,0.167112299,5.40198,,,
5.988,0.167000668,5.41799,,,
5.992,0.166889186,5.41749,,,
5.996,0.166777852,5.42814,,,
6,0.166666667,5.40601,,,
6.004,0.16655563,5.38303,,,
6.008,0.16644474,5.40104,,,
6.012,0.166333999,5.39871,,,
6.016,0.166223404,5.3703,,,
6.02,0.166112957,5.37008,,,
6.024,0.166002656,5.34367,,,
6.028,0.165892502,5.35536,,,
6.032,0.165782493,5.35654,,,
6.036,0.165672631,5.35242,,,
6.04,0.165562914,5.34982,,,
6.044,0.165453342,5.35342,,,
6.048,0.165343915,5.3527,,,
6.052,0.165234633,5.32149,,,
6.056,0.165125495,5.31923,,,
6.06,0.165016502,5.31802,,,
6.064,0.164907652,5.33456,,,
6.068,0.164798945,5.33931,,,
6.072,0.164690382,5.33006,,,
6.076,0.164581962,5.33358,,,
6.08,0.164473684,5.32481,,,
6.084,0.164365549,5.30678,,,
6.088,0.164257556,5.2913,,,
6.092,0.164149705,5.2734,,,
6.096,0.164041995,5.26771,,,
6.1,0.163934426,5.27448,,,
6.104,0.163826999,5.26325,,,
6.108,0.163719712,5.27072,,,
6.112,0.163612565,5.26855,,,
6.116,0.163505559,5.27314,,,
6.12,0.163398693,5.26279,,,
6.124,0.163291966,5.2534,,,
6.128,0.163185379,5.25515,,,
6.132,0.16307893,5.22778,,,
6.136,0.162972621,5.2096,,,
6.14,0.16286645,5.20963,,,
6.144,0.162760417,5.24967,,,
6.148,0.162654522,5.22472,,,
6.152,0.162548765,5.21305,,,
6.156,0.162443145,5.19947,,,
6.16,0.162337662,5.19918,,,
6.164,0.162232317,5.19464,,,
6.168,0.162127108,5.21176,,,
6.172,0.162022035,5.17812,,,
6.176,0.161917098,5.18716,,,
6.18,0.161812298,5.17017,,,
6.184,0.161707633,5.1651,,,
6.188,0.161603103,5.15677,,,
6.192,0.161498708,5.16135,,,
6.196,0.161394448,5.1625,,,
6.2,0.161290323,5.17428,,,
6.204,0.161186331,5.16012,,,
6.208,0.161082474,5.13252,,,
6.212,0.160978751,5.13275,,,
6.216,0.160875161,5.11543,,,
6.22,0.160771704,5.11075,,,
6.224,0.16066838,5.09613,,,
6.228,0.160565189,5.10096,,,
6.232,0.160462131,5.09119,,,
6.236,0.160359205,5.09136,,,
6.24,0.16025641,5.07063,,,
6.244,0.160153748,5.06599,,,
6.248,0.160051216,5.06498,,,
6.252,0.159948816,5.06379,,,
6.256,0.159846547,5.05163,,,
6.26,0.159744409,5.0685,,,
6.264,0.159642401,5.05448,,,
6.268,0.159540523,5.05167,,,
6.272,0.159438776,5.0523,,,
6.276,0.159337157,5.03104,,,
6.28,0.159235669,5.02096,,,
6.284,0.159134309,5.0281,,,
6.288,0.159033079,5.01778,,,
6.292,0.158931977,5.00324,,,
6.296,0.158831004,4.99206,,,
6.3,0.158730159,5.0064,,,
6.304,0.158629442,5.00841,,,
6.308,0.158528852,5.00516,,,
6.312,0.15842839,4.99168,,,
6.316,0.158328056,4.98026,,,
6.32,0.158227848,4.97723,,,
6.324,0.158127767,4.98466,,,
6.328,0.158027813,4.97453,,,
6.332,0.157927985,4.93277,,,
6.336,0.157828283,4.92643,,,
6.34,0.157728707,4.93499,,,
6.344,0.157629256,4.92657,,,
6.348,0.157529931,4.92957,,,
6.352,0.15743073,4.93107,,,
6.356,0.157331655,4.94224,,,
6.36,0.157232704,4.90039,,,
6.364,0.157133878,4.89375,,,
6.368,0.157035176,4.90608,,,
6.372,0.156936598,4.8973,,,
6.376,0.156838143,4.87683,,,
6.38,0.156739812,4.86795,,,
6.384,0.156641604,4.88429,,,
6.388,0.156543519,4.87722,,,
6.392,0.156445557,4.86156,,,
6.396,0.156347717,4.88334,,,
6.4,0.15625,4.85756,,,
6.404,0.156152405,4.82773,,,
6.408,0.156054931,4.83131,,,
6.412,0.15595758,4.83724,,,
6.416,0.155860349,4.82252,,,
6.42,0.15576324,4.84759,,,
6.424,0.155666252,4.83608,,,
6.428,0.155569384,4.83226,,,
6.432,0.155472637,4.7867,,,
6.436,0.15537601,4.80281,,,
6.44,0.155279503,4.78413,,,
6.444,0.155183116,4.78438,,,
6.448,0.155086849,4.77213,,,
6.452,0.154990701,4.7852,,,
6.456,0.154894672,4.78062,,,
6.46,0.154798762,4.77065,,,
6.464,0.15470297,4.77302,,,
6.468,0.154607297,4.77777,,,
6.472,0.154511743,4.76801,,,
6.476,0.154416306,4.74765,,,
6.48,0.154320988,4.72829,,,
6.484,0.154225787,4.73012,,,
6.488,0.154130703,4.72782,,,
6.492,0.154035736,4.71835,,,
6.496,0.153940887,4.72589,,,
6.5,0.153846154,4.7356,,,
6.504,0.153751538,4.69114,,,
6.508,0.153657037,4.72163,,,
6.512,0.153562654,4.72706,,,
6.516,0.153468386,4.69806,,,
6.52,0.153374233,4.67729,,,
6.524,0.153280196,4.67834,,,
6.528,0.153186275,4.68462,,,
6.532,0.153092468,4.6701,,,
6.536,0.152998776,4.67678,,,
6.54,0.152905199,4.67173,,,
6.544,0.152811736,4.65926,,,
6.548,0.152718387,4.65225,,,
6.552,0.152625153,4.63116,,,
6.556,0.152532032,4.64142,,,
6.56,0.152439024,4.64504,,,
6.564,0.15234613,4.60783,,,
6.568,0.15225335,4.61571,,,
6.572,0.152160682,4.61175,,,
6.576,0.152068127,4.58613,,,
6.58,0.151975684,4.58123,,,
6.584,0.151883354,4.59269,,,
6.588,0.151791135,4.59968,,,
6.592,0.151699029,4.60676,,,
6.596,0.151607035,4.56655,,,
6.6,0.151515152,4.56159,,,
6.604,0.15142338,4.57435,,,
6.608,0.151331719,4.56776,,,
6.612,0.151240169,4.56804,,,
6.616,0.15114873,4.56412,,,
6.62,0.151057402,4.54468,,,
6.624,0.150966184,4.54785,,,
6.628,0.150875075,4.54421,,,
6.632,0.150784077,4.54038,,,
6.636,0.150693189,4.53885,,,
6.64,0.15060241,4.53351,,,
6.644,0.15051174,4.50111,,,
6.648,0.150421179,4.50378,,,
6.652,0.150330728,4.49495,,,
6.656,0.150240385,4.49136,,,
6.66,0.15015015,4.49927,,,
6.664,0.150060024,4.48058,,,
6.668,0.149970006,4.4897,,,
6.672,0.149880096,4.47443,,,
6.676,0.149790294,4.45615,,,
6.68,0.149700599,4.43681,,,
6.684,0.149611011,4.43327,,,
6.688,0.149521531,4.43172,,,
6.692,0.149432158,4.40418,,,
6.696,0.149342891,4.41539,,,
6.7,0.149253731,4.44546,,,
6.704,0.149164678,4.40166,,,
6.708,0.14907573,4.38195,,,
6.712,0.148986889,4.40875,,,
6.716,0.148898154,4.40393,,,
6.72,0.148809524,4.39698,,,
6.724,0.148720999,4.38789,,,
6.728,0.14863258,4.37566,,,
6.732,0.148544266,4.3699,,,
6.736,0.148456057,4.36636,,,
6.74,0.148367953,4.3848,,,
6.744,0.148279953,4.37493,,,
6.748,0.148192057,4.38414,,,
6.752,0.148104265,4.3534,,,
6.756,0.148016578,4.33711,,,
6.76,0.147928994,4.31521,,,
6.764,0.147841514,4.31416,,,
6.768,0.147754137,4.32488,,,
6.772,0.147666864,4.30111,,,
6.776,0.147579693,4.31356,,,
6.78,0.147492625,4.32183,,,
6.784,0.14740566,4.28849,,,
6.788,0.147318798,4.29317,,,
6.792,0.147232038,4.29178,,,
6.796,0.14714538,4.28223,,,
6.8,0.147058824,4.29306,,,
6.804,0.146972369,4.27199,,,
6.808,0.146886016,4.2876,,,
6.812,0.146799765,4.2889,,,
6.816,0.146713615,4.27008,,,
6.82,0.146627566,4.2568,,,
6.824,0.146541618,4.239,,,
6.828,0.14645577,4.24715,,,
6.832,0.146370023,4.2533,,,
6.836,0.146284377,4.22864,,,
6.84,0.14619883,4.19442,,,
6.844,0.146113384,4.21165,,,
6.848,0.146028037,4.22722,,,
6.852,0.14594279,4.21663,,,
6.856,0.145857643,4.1783,,,
6.86,0.145772595,4.18972,,,
6.864,0.145687646,4.20946,,,
6.868,0.145602796,4.20077,,,
6.872,0.145518044,4.16596,,,
6.876,0.145433392,4.1927,,,
6.88,0.145348837,4.17947,,,
6.884,0.145264381,4.13896,,,
6.888,0.145180023,4.15647,,,
6.892,0.145095763,4.14284,,,
6.896,0.145011601,4.1309,,,
6.9,0.144927536,4.13697,,,
6.904,0.144843569,4.13763,,,
6.908,0.144759699,4.12902,,,
6.912,0.144675926,4.13759,,,
6.916,0.14459225,4.12884,,,
6.92,0.144508671,4.12157,,,
6.924,0.144425188,4.11532,,,
6.928,0.144341801,4.09648,,,
6.932,0.144258511,4.10727,,,
6.936,0.144175317,4.10815,,,
6.94,0.144092219,4.08592,,,
6.944,0.144009217,4.04277,,,
6.948,0.14392631,4.0555,,,
6.952,0.143843498,4.07767,,,
6.956,0.143760782,4.07772,,,
6.96,0.143678161,4.06748,,,
6.964,0.143595635,4.05881,,,
6.968,0.143513203,4.04924,,,
6.972,0.143430866,4.0285,,,
6.976,0.143348624,4.01162,,,
6.98,0.143266476,4.01149,,,
6.984,0.143184422,4.01854,,,
6.988,0.143102461,4.01798,,,
6.992,0.143020595,4.02719,,,
6.996,0.142938822,4.01929,,,
7,0.142857143,4.01462,,,
7.004,0.142775557,4.00394,,,
7.008,0.142694064,4.01359,,,
7.012,0.142612664,4.00917,,,
7.016,0.142531357,4.02196,,,
7.02,0.142450142,3.98971,,,
7.024,0.142369021,3.9928,,,
7.028,0.142287991,3.99646,,,
7.032,0.142207053,3.98072,,,
7.036,0.142126208,3.97138,,,
7.04,0.142045455,3.96538,,,
7.044,0.141964793,3.98214,,,
7.048,0.141884222,3.97969,,,
7.052,0.141803744,3.97364,,,
7.056,0.141723356,3.98204,,,
7.06,0.141643059,3.94617,,,
7.064,0.141562854,3.95556,,,
7.068,0.141482739,3.94354,,,
7.072,0.141402715,3.9114,,,
7.076,0.141322781,3.92388,,,
7.08,0.141242938,3.91962,,,
7.084,0.141163185,3.89551,,,
7.088,0.141083521,3.93434,,,
7.092,0.141003948,3.90064,,,
7.096,0.140924464,3.9005,,,
7.1,0.14084507,3.8766,,,
7.104,0.140765766,3.889,,,
7.108,0.14068655,3.88882,,,
7.112,0.140607424,3.88172,,,
7.116,0.140528387,3.88843,,,
7.12,0.140449438,3.87107,,,
7.124,0.140370578,3.8552,,,
7.128,0.140291807,3.83291,,,
7.132,0.140213124,3.85089,,,
7.136,0.140134529,3.86055,,,
7.14,0.140056022,3.82547,,,
7.144,0.139977604,3.83509,,,
7.148,0.139899273,3.85055,,,
7.152,0.139821029,3.82062,,,
7.156,0.139742873,3.82059,,,
7.16,0.139664804,3.82919,,,
7.164,0.139586823,3.84266,,,
7.168,0.139508929,3.82301,,,
7.172,0.139431121,3.83606,,,
7.176,0.1393534,3.80835,,,
7.18,0.139275766,3.81797,,,
7.184,0.139198218,3.81767,,,
7.188,0.139120757,3.83554,,,
7.192,0.139043382,3.82514,,,
7.196,0.138966092,3.7883,,,
7.2,0.138888889,3.77686,,,
7.204,0.138811771,3.78554,,,
7.208,0.138734739,3.77457,,,
7.212,0.138657793,3.78299,,,
7.216,0.138580931,3.78727,,,
7.22,0.138504155,3.78083,,,
7.224,0.138427464,3.78126,,,
7.228,0.138350858,3.77039,,,
7.232,0.138274336,3.76476,,,
7.236,0.138197899,3.76849,,,
7.24,0.138121547,3.74111,,,
7.244,0.138045279,3.759,,,
7.248,0.137969095,3.75104,,,
7.252,0.137892995,3.75369,,,
7.256,0.137816979,3.72676,,,
7.26,0.137741047,3.72921,,,
7.264,0.137665198,3.725,,,
7.268,0.137589433,3.73115,,,
7.272,0.137513751,3.72934,,,
7.276,0.137438153,3.73235,,,
7.28,0.137362637,3.7457,,,
7.284,0.137287205,3.71802,,,
7.288,0.137211855,3.70741,,,
7.292,0.137136588,3.72907,,,
7.296,0.137061404,3.70169,,,
7.3,0.136986301,3.68475,,,
7.304,0.136911281,3.68966,,,
7.308,0.136836344,3.67199,,,
7.312,0.136761488,3.67228,,,
7.316,0.136686714,3.68624,,,
7.32,0.136612022,3.69853,,,
7.324,0.136537411,3.69172,,,
7.328,0.136462882,3.65915,,,
7.332,0.136388434,3.67426,,,
7.336,0.136314068,3.66514,,,
7.34,0.136239782,3.66464,,,
7.344,0.136165577,3.64526,,,
7.348,0.136091453,3.65354,,,
7.352,0.13601741,3.67529,,,
7.356,0.135943448,3.66974,,,
7.36,0.135869565,3.66131,,,
7.364,0.135795763,3.64503,,,
7.368,0.135722041,3.62152,,,
7.372,0.135648399,3.61068,,,
7.376,0.135574837,3.62005,,,
7.38,0.135501355,3.59805,,,
7.384,0.135427952,3.62326,,,
7.388,0.135354629,3.61824,,,
7.392,0.135281385,3.61777,,,
7.396,0.135208221,3.61947,,,
7.4,0.135135135,3.61901,,,
7.404,0.135062129,3.61391,,,
7.408,0.134989201,3.5975,,,
7.412,0.134916352,3.62083,,,
7.416,0.134843581,3.5938,,,
7.42,0.134770889,3.59454,,,
7.424,0.134698276,3.59184,,,
7.428,0.13462574,3.59842,,,
7.432,0.134553283,3.61722,,,
7.436,0.134480904,3.59079,,,
7.44,0.134408602,3.59038,,,
7.444,0.134336378,3.59067,,,
7.448,0.134264232,3.57142,,,
7.452,0.134192163,3.58476,,,
7.456,0.134120172,3.57113,,,
7.46,0.134048257,3.58026,,,
7.464,0.13397642,3.57953,,,
7.468,0.13390466,3.57291,,,
7.472,0.133832976,3.55944,,,
7.476,0.13376137,3.56446,,,
7.48,0.13368984,3.56057,,,
7.484,0.133618386,3.54624,,,
7.488,0.133547009,3.55817,,,
7.492,0.133475707,3.56457,,,
7.496,0.133404482,3.56042,,,
7.5,0.133333333,3.56425,,,
7.504,0.13326226,3.53794,,,
7.508,0.133191263,3.52498,,,
7.512,0.133120341,3.5427,,,
7.516,0.133049494,3.54372,,,
7.52,0.132978723,3.54079,,,
7.524,0.132908028,3.54242,,,
7.528,0.132837407,3.50311,,,
7.532,0.132766861,3.499,,,
7.536,0.132696391,3.47835,,,
7.54,0.132625995,3.50403,,,
7.544,0.132555673,3.49996,,,
7.548,0.132485427,3.51107,,,
7.552,0.132415254,3.50415,,,
7.556,0.132345156,3.47242,,,
7.56,0.132275132,3.47762,,,
7.564,0.132205182,3.4916,,,
7.568,0.132135307,3.50501,,,
7.572,0.132065504,3.51618,,,
7.576,0.131995776,3.48959,,,
7.58,0.131926121,3.46166,,,
7.584,0.13185654,3.48025,,,
7.588,0.131787032,3.47845,,,
7.592,0.131717597,3.46044,,,
7.596,0.131648236,3.45003,,,
7.6,0.131578947,3.46517,,,
7.604,0.131509732,3.44057,,,
7.608,0.131440589,3.47417,,,
7.612,0.131371519,3.46113,,,
7.616,0.131302521,3.44855,,,
7.62,0.131233596,3.46035,,,
7.624,0.131164743,3.4391,,,
7.628,0.131095962,3.43601,,,
7.632,0.131027254,3.46114,,,
7.636,0.130958617,3.44614,,,
7.64,0.130890052,3.44471,,,
7.644,0.130821559,3.43406,,,
7.648,0.130753138,3.4191,,,
7.652,0.130684788,3.41512,,,
7.656,0.13061651,3.415,,,
7.66,0.130548303,3.41531,,,
7.664,0.130480167,3.42087,,,
7.668,0.130412102,3.41574,,,
7.672,0.130344108,3.42638,,,
7.676,0.130276186,3.41233,,,
7.68,0.130208333,3.42392,,,
7.684,0.130140552,3.40735,,,
7.688,0.130072841,3.40527,,,
7.692,0.1300052,3.38914,,,
7.696,0.12993763,3.40641,,,
7.7,0.12987013,3.40751,,,
7.704,0.1298027,3.41232,,,
7.708,0.12973534,3.41044,,,
7.712,0.12966805,3.37063,,,
7.716,0.129600829,3.38362,,,
7.72,0.129533679,3.38171,,,
7.724,0.129466598,3.37639,,,
7.728,0.129399586,3.37428,,,
7.732,0.129332644,3.38169,,,
7.736,0.12926577,3.36984,,,
7.74,0.129198966,3.35704,,,
7.744,0.129132231,3.38154,,,
7.748,0.129065565,3.38147,,,
7.752,0.128998968,3.35997,,,
7.756,0.128932439,3.33703,,,
7.76,0.128865979,3.34497,,,
7.764,0.128799588,3.35524,,,
7.768,0.128733265,3.36298,,,
7.772,0.12866701,3.38498,,,
7.776,0.128600823,3.35473,,,
7.78,0.128534704,3.35219,,,
7.784,0.128468654,3.35725,,,
7.788,0.128402671,3.34792,,,
7.792,0.128336756,3.34011,,,
7.796,0.128270908,3.3399,,,
7.8,0.128205128,3.33981,,,
7.804,0.128139416,3.31389,,,
7.808,0.12807377,3.33638,,,
7.812,0.128008193,3.34762,,,
7.816,0.127942682,3.32609,,,
7.82,0.127877238,3.31555,,,
7.824,0.127811861,3.30193,,,
7.828,0.127746551,3.30056,,,
7.832,0.127681307,3.32137,,,
7.836,0.127616131,3.31942,,,
7.84,0.12755102,3.32531,,,
7.844,0.127485977,3.3184,,,
7.848,0.127420999,3.32571,,,
7.852,0.127356088,3.3019,,,
7.856,0.127291242,3.32305,,,
7.86,0.127226463,3.32881,,,
7.864,0.12716175,3.29635,,,
7.868,0.127097102,3.29194,,,
7.872,0.12703252,3.30594,,,
7.876,0.126968004,3.28142,,,
7.88,0.126903553,3.26602,,,
7.884,0.126839168,3.28431,,,
7.888,0.126774848,3.30208,,,
7.892,0.126710593,3.30769,,,
7.896,0.126646403,3.28853,,,
7.9,0.126582278,3.2705,,,
7.904,0.126518219,3.2644,,,
7.908,0.126454224,3.25123,,,
7.912,0.126390293,3.2362,,,
7.916,0.126326427,3.27726,,,
7.92,0.126262626,3.25834,,,
7.924,0.126198889,3.25443,,,
7.928,0.126135217,3.27513,,,
7.932,0.126071609,3.27039,,,
7.936,0.126008065,3.25969,,,
7.94,0.125944584,3.25428,,,
7.944,0.125881168,3.25302,,,
7.948,0.125817816,3.23421,,,
7.952,0.125754527,3.2384,,,
7.956,0.125691302,3.23955,,,
7.96,0.125628141,3.22654,,,
7.964,0.125565043,3.22325,,,
7.968,0.125502008,3.21579,,,
7.972,0.125439037,3.2262,,,
7.976,0.125376128,3.21346,,,
7.98,0.125313283,3.16265,,,
7.984,0.125250501,3.16302,,,
7.988,0.125187782,3.14576,,,
7.992,0.125125125,3.10651,,,
7.996,0.125062531,3.11359,,,
8,0.125,3.11855,,,
8.004,0.124937531,3.11833,,,
8.008,0.124875125,3.10874,,,
8.012,0.124812781,3.10335,,,
8.016,0.124750499,3.09442,,,
8.02,0.124688279,3.07481,,,
8.024,0.124626122,3.08648,,,
8.028,0.124564026,3.05935,,,
8.032,0.124501992,3.0662,,,
8.036,0.12444002,3.04028,,,
8.04,0.124378109,3.02667,,,
8.044,0.124316261,3.04294,,,
8.048,0.124254473,3.05071,,,
8.052,0.124192747,3.01472,,,
8.056,0.124131082,2.99963,,,
8.06,0.124069479,3.00774,,,
8.064,0.124007937,3.01749,,,
8.068,0.123946455,3.00779,,,
8.072,0.123885035,2.9703,,,
8.076,0.123823675,2.97031,,,
8.08,0.123762376,2.96637,,,
8.084,0.123701138,2.94474,,,
8.088,0.12363996,2.93887,,,
8.092,0.123578843,2.95547,,,
8.096,0.123517787,2.98029,,,
8.1,0.12345679,2.96861,,,
8.104,0.123395854,2.95025,,,
8.108,0.123334978,2.91335,,,
8.112,0.123274162,2.92596,,,
8.116,0.123213406,2.93535,,,
8.12,0.123152709,2.92745,,,
8.124,0.123092073,2.89963,,,
8.128,0.123031496,2.8908,,,
8.132,0.122970979,2.8877,,,
8.136,0.122910521,2.85971,,,
8.14,0.122850123,2.88383,,,
8.144,0.122789784,2.83972,,,
8.148,0.122729504,2.81476,,,
8.152,0.122669284,2.81166,,,
8.156,0.122609122,2.78434,,,
8.16,0.12254902,2.7976,,,
8.164,0.122488976,2.75406,,,
8.168,0.122428991,2.74912,,,
8.172,0.122369065,2.74426,,,
8.176,0.122309198,2.73722,,,
8.18,0.122249389,2.73556,,,
8.184,0.122189638,2.74107,,,
8.188,0.122129946,2.7213,,,