Depth,Load
nm,\muN
0,2
0.439229,4.191464
1.048462,5.583148
1.704907,6.984342
2.251415,8.401994
2.879041,9.795251
3.354504,11.216515
3.932127,12.618826
4.609842,13.996102
5.181478,15.405388
5.714019,16.82308
6.356729,18.198516
6.947805,19.610306
7.401058,21.024468
7.946961,22.396575
8.589023,23.826668
9.209946,25.225472
9.988178,26.601056
10.45749,28.017568
11.15584,29.416277
11.66557,30.827259
12.38828,32.184447
12.93666,33.608572
13.70959,34.982703
14.23898,36.405813
14.98522,37.755141
15.63814,39.16628
16.50117,40.505198
17.32234,41.865869
18.02722,43.208042
18.64418,44.640907
19.51478,45.993534
20.29274,47.378124
21.14114,48.715537
21.86501,50.110174
22.7344,51.458394
23.57923,52.813003
24.26704,54.179854
25.07757,55.532342
25.71911,56.946565
26.62156,58.287785
27.52055,59.641427
28.12176,61.006272
28.96772,62.396197
29.81567,63.729012
30.55528,65.099561
31.35089,66.435871
32.20283,67.785526
32.90054,69.213741
33.72136,70.576212
34.62388,71.957903
35.33671,73.311706
36.06209,74.706591
36.79153,76.097333
37.60637,77.445728
38.2004,78.86723
39.00237,80.189304
39.7827,81.589447
40.59809,82.96712
41.4623,84.315762
42.34485,85.691397
43.03732,87.039068
43.80285,88.432684
44.55697,89.811854
45.30483,91.167552
46.03395,92.564386
46.73488,93.900965
47.41162,95.300673
48.13343,96.716385
48.96149,98.080409
49.77478,99.463822
50.4971,100.82553
51.22941,102.18141
51.76958,103.65872
52.46182,105.01943
53.03136,106.4211
53.8995,107.7834
54.72139,109.10453
55.30586,110.53123
56.14821,111.90926
56.7931,113.30064
57.34618,114.72351
58.14441,116.07953
58.85674,117.4263
59.52666,118.86407
60.00183,120.27311
60.66652,121.63785
61.2144,123.0722
62.17812,124.36094
62.8231,125.71392
63.49705,127.20598
64.12059,128.59202
64.75637,129.97909
65.47049,131.41102
66.08397,132.77706
66.67609,134.15967
67.25955,135.64069
67.88767,137.01938
68.38081,138.42077
68.97242,139.85946
69.86032,141.17031
70.4802,142.52908
70.92404,144.04437
71.41409,145.45526
72.10608,146.82747
72.7937,148.24757
73.45341,149.61702
74.0992,150.98456
74.77161,152.41448
75.349,153.82124
75.88807,155.22362
76.43246,156.62454
77.18178,158.00044
77.77043,159.35824
78.37455,160.76471
78.76605,162.27284
79.38572,163.66563
79.93666,165.05464
80.57285,166.5193
81.27443,167.86877
81.7547,169.26496
82.22361,170.73957
82.73781,172.15944
83.39659,173.54462
83.99045,174.93938
84.51962,176.37498
85.09029,177.73899
85.80441,179.08499
86.24637,180.60429
86.79828,181.99603
87.3118,183.40856
87.78716,184.84386
88.38612,186.25562
89.03958,187.60419
89.5256,189.00035
90.14449,190.47815
90.75545,191.84618
91.17631,193.25988
91.89111,194.64332
92.31246,196.07198
92.90081,197.42587
93.3576,198.82634
93.96681,200.37242
94.4805,201.77501
94.82148,203.22774
95.49295,204.63145
95.90569,206.08829
96.60853,207.44712
97.04102,208.85455
97.51415,210.36717
98.11482,211.76069
98.62699,213.18402
99.15669,214.57608
99.58125,216.05386
100.3076,217.39365
100.7354,218.78934
101.3344,220.24408
101.9025,221.68954
102.1409,223.15198
102.622,224.55657
103.2854,225.99323
103.8621,227.38656
104.2272,228.79802
104.7601,230.19016
105.1765,231.7216
105.7012,233.10687
106.231,234.51443
106.7904,235.90927
107.4385,237.33811
107.535,238.78064
108.0839,240.15459
108.5807,241.61191
109.0503,243.10134
109.5928,244.50277
110.0912,245.92946
110.6195,247.37193
111.0078,248.82831
111.4661,250.22979
112.1069,251.60316
112.5982,253.07426
112.99,254.54125
113.446,255.96197
113.8398,257.38392
114.2757,258.8388
114.8783,260.24011
115.5655,261.58187
116.014,262.97851
116.4337,264.47654
117.0267,265.89708
117.308,267.34823
117.7389,268.77423
118.127,270.23939
118.8635,271.62503
119.118,273.05937
119.471,274.48019
120.0421,275.93089
120.4901,277.39052
121.004,278.78442
121.3735,280.2143
121.7535,281.65989
122.3204,283.08003
122.7515,284.46246
123.175,285.85658
123.5909,287.33125
124.0787,288.84466
124.4108,290.27502
124.8094,291.7417
125.1734,293.16713
125.7773,294.64662
126.3138,296.02348
126.82,297.42898
127.0537,298.86956
127.4391,300.42988
127.8774,301.83691
128.5127,303.22895
128.8857,304.65341
129.3389,306.10763
129.9612,307.51239
130.4247,308.88925
130.7082,310.32765
131.1,311.79402
131.5773,313.29701
132.113,314.68374
132.6751,316.10542
132.9772,317.53662
133.4494,319.03628
133.9479,320.43739
134.1578,321.88291
134.7433,323.24818
135.0476,324.77498
135.3876,326.24795
135.9023,327.64081
136.4161,329.0478
136.779,330.46904
137.2,331.95005
137.6385,333.34791
138.2258,334.70929
138.5193,336.13975
138.8037,337.72989
139.2552,339.15282
139.7824,340.57052
140.1115,342.02433
140.5135,343.4694
140.9303,344.96176
141.321,346.36225
141.8162,347.76696
142.2004,349.17654
142.5833,350.72136
142.9385,352.16359
143.4117,353.57381
143.8636,354.99472
144.2888,356.41796
144.6734,357.90596
145.0405,359.32283
145.3648,360.73036
145.829,362.13107
146.1718,363.65749
146.5274,365.12618
146.9116,366.54973
147.4745,367.96963
147.6605,369.41635
148.1317,370.92862
148.5065,372.331
149.0049,373.72402
149.4982,375.12006
149.9214,376.5825
150.021,378.13769
150.4125,379.54665
150.9121,380.97321
151.3813,382.36193
151.67,383.84143
152.0161,385.29468
152.4828,386.67222
153.0693,388.04356
153.3172,389.48214
153.7055,391.12799
154.2081,392.54499
154.6068,393.99077
154.975,395.45142
155.2376,396.89123
155.7085,398.42772
156.1558,399.82228
156.5352,401.23947
156.8888,402.67175
157.3554,404.11037
157.6169,405.69029
158.0451,407.09439
158.4144,408.55019
158.8105,409.96916
159.1942,411.41715
159.7349,412.87733
160.0107,414.29642
160.246,415.74337
160.7271,417.13591
161.1423,418.65314
161.6185,420.14219
161.9602,421.56118
162.3517,423.03896
162.7538,424.44583
163.1755,425.92087
163.5767,427.39896
163.8025,428.82464
164.1333,430.27058
164.4557,431.69267
164.8236,433.19905
165.2053,434.6945
165.6279,436.0949
166.0013,437.54953
166.4045,438.95847
166.7837,440.42382
167.13,441.90046
167.4452,443.31639
167.9924,444.68511
168.2532,446.116
168.757,447.63083
168.9717,449.17497
169.3504,450.58061
169.8131,452.0639
170.2114,453.46922
170.4677,454.95549
170.9472,456.43504
171.2652,457.86253
171.5193,459.31066
171.9254,460.72226
172.2432,462.20589
172.5791,463.76588
172.9257,465.18399
173.1949,466.6422
173.8047,468.03009
173.9703,469.48273
174.4215,471.00559
174.8445,472.40804
175.117,473.82563
175.5331,475.23469
176.0067,476.62649
176.3345,478.25691
176.7703,479.66111
177.1583,481.08817
177.4783,482.5672
177.6249,484.02369
178.2154,485.493
178.4595,486.96037
178.6414,488.39622
179.2349,489.79701
179.4836,491.21998
179.8564,492.71041
180.3235,494.21993
180.6032,495.65343
180.9327,497.09539
181.3849,498.51218
181.6573,499.9455
182.0794,501.4567
182.3622,502.88075
182.7052,504.28575
183.1303,505.68049
183.5037,507.0971
183.8643,508.70876
184.0883,510.21781
184.6341,511.60339
184.8444,513.13869
185.0854,514.55094
185.5394,516.00777
185.7394,517.5559
186.1877,518.97152
186.7345,520.35579
187.1521,521.78255
187.4029,523.21398
187.5211,524.87046
187.9971,526.28932
188.3031,527.71394
188.5339,529.21076
188.8904,530.62229
189.2168,532.10155
189.8292,533.55791
190.0566,534.99341
190.5093,536.38049
190.7545,537.82792
190.8697,539.28077
191.4367,540.89614
191.7734,542.32169
192.134,543.71769
192.571,545.20357
192.8428,546.63166
193.1626,548.10038
193.4141,549.63066
193.6969,551.07622
194.1028,552.48227
194.4272,553.91101
194.822,555.32471
195.1274,556.92335
195.2998,558.40224
195.6918,559.79687
195.9579,561.28781
196.4431,562.68326
196.8817,564.09661
197.0586,565.64486
197.4186,567.06637
197.9181,568.43621
198.259,569.85829
198.4998,571.30992
198.792,572.85742
199.1161,574.40356
199.4972,575.79819
199.8044,577.26982
199.9988,578.7552
200.2739,580.18467
200.9152,581.69333
200.8882,583.19995
201.4293,584.57656
201.6124,586.06278
202.0317,587.46449
202.3267,588.91472
202.6931,590.51727
202.9945,591.94898
203.312,593.37478
203.7354,594.8329
204.1031,596.24958
204.172,597.74278
204.7242,599.23998
204.7448,600.70376
205.2911,602.0875
205.6448,603.49871
206.0343,604.9252
206.2382,606.47323
206.518,608.01827
206.8831,609.43258
207.191,610.88653
207.6579,612.31442
207.8561,613.76256
208.1997,615.274
208.5799,616.74453
208.779,618.2031
209.0626,619.60969
209.3945,621.05533
209.8509,622.45264
209.885,624.06814
210.402,625.51342
210.5219,626.96795
211.0033,628.40154
211.2498,629.84333
211.6025,631.27429
211.7888,632.81478
212.2482,634.2221
212.54,635.67058
212.8347,637.06572
213.1238,638.49719
213.472,639.92271
213.7392,641.6264
214.1714,643.07111
214.4703,644.49742
214.6754,646.03064
214.8892,647.49786
215.2259,648.89341
215.7157,650.45951
215.8935,651.91538
216.3066,653.34018
216.5892,654.79712
216.8659,656.22498
217.0698,657.68187
217.5315,659.28223
217.8853,660.7392
218.302,662.14695
218.4807,663.64669
218.787,665.09529
218.9519,666.54713
219.3955,668.0494
219.7777,669.52199
220.0764,670.94901
220.4578,672.35185
220.7815,673.79409
220.8518,675.26616
221.051,676.86322
221.4639,678.35668
221.9455,679.76886
222.0757,681.26546
222.3484,682.74194
222.6166,684.17891
223.1113,685.63537
223.4801,687.14146
223.6649,688.59546
223.9503,689.99309
224.2516,691.45717
224.5491,692.8812
224.9218,694.36035
225.2405,695.95121
225.6177,697.35842
225.9055,698.79798
226.1419,700.29888
226.4536,701.72296
226.6931,703.16044
227.1389,704.69863
227.3187,706.14337
227.4593,707.59288
227.7333,709.01908
228.2378,710.4123
228.3636,711.88363
228.7202,713.52446
228.995,715.00608
229.3715,716.42512
229.6218,717.91303
229.9273,719.37522
230.3798,720.79291
230.6696,722.30716
231.0477,723.81461
231.3467,725.25949
231.6886,726.67489
231.879,728.15698
232.2384,729.56644
232.3044,731.07957
232.6205,732.71002
233.0785,734.10263
233.4135,735.50547
233.4775,737.04237
233.8915,738.44875
234.2071,739.88952
234.2713,741.4595
234.6538,742.9198
235.1265,744.32097
235.1828,745.77267
235.6513,747.17934
236.0819,748.59621
236.2348,750.13286
236.6617,751.70934
237.0478,753.11541
237.3584,754.54599
237.3715,756.10124
237.7205,757.53009
238.1557,758.92999
238.4019,760.52905
238.6932,761.9733
238.9104,763.42383
239.365,764.81849
239.5946,766.26442
239.7628,767.72723
240.0808,769.24037
240.2832,770.83289
240.7006,772.235
240.9684,773.68145
241.1835,775.16953
241.3939,776.61538
241.7343,778.02881
241.9998,779.58087
242.3215,781.02478
242.6943,782.45747
242.9399,783.83864
243.2428,785.27036
243.6019,786.69831
243.9126,788.21148
243.9182,789.91394
244.25,791.33892
244.6923,792.72855
245.0386,794.28185
245.1417,795.73165
245.5866,797.15011
245.739,798.72563
246.0689,800.212
246.2443,801.67613
246.6369,803.08957
247.023,804.55011
247.1629,805.99444
247.4752,807.43319
247.7688,809.12042
248.0138,810.55054
248.3737,811.98414
248.5635,813.45987
248.7114,814.93718
249.0462,816.37429
249.4772,817.82928
249.7478,819.38068
250.117,820.78506
250.2749,822.23444
250.641,823.65663
250.7752,825.12327
251.0619,826.56327
251.0677,828.19458
251.5253,829.69695
252.0684,831.11227
252.1443,832.57554
252.6108,834.0588
252.7845,835.51728
253.0128,836.93769
253.3387,838.51072
253.6642,839.96428
253.8437,841.43184
254.1651,842.84534
254.5458,844.28886
254.8227,845.73497
254.9994,847.18889
255.2514,848.85176
255.513,850.29323
255.7901,851.72579
256.0953,853.17756
256.3418,854.64457
256.6439,856.08772
256.8209,857.55346
257.3675,859.06346
257.597,860.51133
257.7371,861.96303
258.0168,863.37848
258.2984,864.8269
258.5787,866.26345
258.7456,867.82059
259.0688,869.43671
259.3913,870.85738
259.5325,872.30052
259.8554,873.83373
260.377,875.23634
260.4474,876.72185
260.7386,878.21256
261.0056,879.78035
261.2289,881.22763
261.5415,882.63706
261.7919,884.12226
262.095,885.54525
262.4553,886.96984
262.5273,888.55818
262.8234,890.11414
263.0156,891.57675
263.4361,892.96509
263.7221,894.47704
264.0276,895.91087
264.1904,897.34258
264.4637,898.84814
264.7713,900.36341
264.9458,901.82195
265.4171,903.20318
265.6146,904.66321
265.8278,906.09732
266.0995,907.55036
266.4688,909.09443
266.7454,910.67279
266.974,912.11804
267.2351,913.53766
267.4027,915.08755
267.6154,916.52288
267.9238,917.9718
268.3328,919.43449
268.7196,920.98723
268.7818,922.43594
269.0818,923.87849
269.3361,925.30425
269.7813,926.74938
269.904,928.2018
270.2459,929.70536
270.4104,931.30923
270.4617,932.79573
270.6954,934.23197
271.1511,935.67497
271.3895,937.11506
271.6552,938.58807
271.9555,940.01304
272.175,941.59238
272.3266,943.03765
272.5591,944.50058
273.1521,945.84392
273.2569,947.31216
273.6173,948.73931
273.702,950.21455
273.8151,952.00805
274.316,953.39422
274.6285,954.86103
274.8895,956.31035
274.9482,957.88193
275.2075,959.3062
275.4584,960.74834
275.7215,962.3306
276.0481,963.79565
276.1774,965.27481
276.591,966.66519
276.7751,968.16927
277.0498,969.60459
277.385,971.03296
277.5272,972.63762
277.9412,974.19157
278.2,975.62162
278.323,977.07704
278.602,978.58439
278.9177,980.04201
279.3496,981.45422
279.4266,982.94675
279.7874,984.53305
279.8716,985.97388
280.1872,987.4225
280.4713,988.846
280.7773,990.29526
280.9664,991.73828
281.207,993.18276
281.693,994.85512
281.8038,996.36361
282.0067,997.82145
282.4785,999.2234
282.7858,1000.7662
282.9619,1002.1977
283.2093,1003.6486
283.3772,1005.21
283.7398,1006.736
283.9532,1008.1821
284.1857,1009.6248
284.3935,1011.0743
284.6958,1012.5196
284.8225,1014.0067
285.1714,1015.4566
285.3734,1017.1344
285.7263,1018.5649
285.873,1020.0203
286.0645,1021.4666
286.396,1022.968
286.7441,1024.3849
286.9182,1025.8313
287.2345,1027.3722
287.3183,1028.9005
287.7787,1030.3153
287.9374,1031.7521
288.1396,1033.201
288.4292,1034.6162
288.6172,1036.074
288.8453,1037.5626
289.1415,1039.2741
289.3797,1040.7155
289.5472,1042.1755
290.0312,1043.5983
290.126,1045.1668
290.4508,1046.5927
290.7721,1048.0201
290.9024,1049.6161
291.1078,1051.1559
291.4957,1052.5746
291.6015,1054.0223
291.8505,1055.4943
292.0239,1056.9696
292.3031,1058.4112
292.5678,1059.8696
292.935,1061.5442
293.0521,1063.0006
293.4562,1064.4447
293.6331,1065.8899
293.7809,1067.4204
294.0801,1068.8477
294.3777,1070.2955
294.5718,1071.8319
294.857,1073.3591
295.2036,1074.7801
295.3242,1076.2355
295.6208,1077.6631
295.8593,1079.1193
296.1724,1080.5427
296.4478,1081.9731
296.6509,1083.6888
296.9537,1085.1513
297.0865,1086.642
297.3891,1088.0519
297.6342,1089.5988
297.9242,1091.0267
298.2365,1092.4733
298.4592,1093.9529
298.559,1095.5796
298.9423,1097.0002
299.0786,1098.4741
299.2875,1099.9012
299.4699,1101.3915
299.7704,1102.8194
299.8855,1104.3081
300.2276,1105.8612
300.5532,1107.4377
300.7898,1108.8811
300.9337,1110.3365
301.2132,1111.8046
301.5323,1113.2717
301.8563,1114.7038
301.9609,1116.1371
302.1893,1117.7106
302.5247,1119.1785
302.6662,1120.6342
302.7328,1122.0834
303.1467,1123.4769
303.2928,1124.9273
303.628,1126.3645
303.7795,1127.8037
304.1075,1129.616
304.1866,1131.0795
304.5998,1132.5118
304.8787,1133.9261
305.0076,1135.5199
305.1385,1136.989
305.5183,1138.4282
305.75,1139.8797
306.0802,1141.5204
306.4406,1142.9365
306.5698,1144.4104
306.6596,1145.8619
306.9377,1147.3531
307.1411,1148.8018
307.4549,1150.2465
307.745,1151.7588
308.0562,1153.4194
308.1679,1154.8698
308.4224,1156.3274
308.5698,1157.7853
308.8748,1159.2881
309.1073,1160.7382
309.2878,1162.2
309.6107,1163.6875
309.8309,1165.2638
309.9616,1166.7223
310.2443,1168.1714
310.4482,1169.5921
310.73,1171.0499
310.9098,1172.5003
311.3328,1173.9275
311.469,1175.5182
311.6094,1177.1553
311.974,1178.5813
312.2755,1180.0211
312.2917,1181.5261
312.7002,1183.0284
312.9454,1184.4624
313.0914,1185.9338
313.2881,1187.4682
313.5425,1189.0386
313.8994,1190.4503
313.9229,1191.9352
314.279,1193.3547
314.4215,1194.8497
314.6571,1196.2886
314.9056,1197.7482
315.0668,1199.3166
315.2198,1200.9375
315.6574,1202.3464
315.7248,1203.8353
315.9983,1205.2773
316.2951,1206.7574
316.5818,1208.1792
316.78,1209.6354
317.0843,1211.125
317.195,1212.7067
317.4009,1214.148
317.6975,1215.6101
317.8325,1217.0277
318.1656,1218.4532
318.2453,1219.9255
318.5431,1221.3777
318.7176,1222.9318
319.0471,1224.6012
319.3816,1226.0198
319.5399,1227.4834
319.6157,1228.9652
320.0529,1230.4884
320.1165,1231.9502
320.4754,1233.393
320.7599,1234.8653
320.9316,1236.5099
321.2813,1237.9355
321.307,1239.4287
321.5385,1240.8545
321.7706,1242.3433
322.0802,1243.7757
322.3988,1245.2201
322.4695,1246.6904
322.6167,1248.4365
322.8302,1249.8917
323.2053,1251.3366
323.4672,1252.7764
323.7848,1254.2833
323.8262,1255.7574
324.1029,1257.2023
324.241,1258.6469
324.6798,1260.2218
324.9647,1261.6947
325.0998,1263.1501
325.4416,1264.5849
325.681,1266.013
325.7822,1267.4948
326.0982,1268.9215
326.025,1270.4138
326.5246,1272.0081
326.7173,1273.588
327.0966,1275.0096
327.0479,1276.5046
327.3023,1277.9804
327.4925,1279.5163
327.7686,1280.943
327.9815,1282.4113
328.2405,1283.8986
328.3004,1285.5225
328.5995,1286.9624
328.8056,1288.4353
329.2025,1289.8312
329.4012,1291.3066
329.6003,1292.7503
329.8363,1294.2147
329.9565,1295.6672
330.1163,1297.4033
330.4976,1298.8405
330.6298,1300.3044
330.7349,1301.7615
331.0153,1303.2431
331.2922,1304.6989
331.4013,1306.1633
331.6745,1307.5905
331.8632,1309.1271
332.041,1310.6498
332.3881,1312.0696
332.7347,1313.5201
333.0271,1314.9293
333.2093,1316.3848
333.5189,1317.8087
333.563,1319.3057
333.7717,1320.8502
333.9813,1322.6258
334.1879,1324.0643
334.4001,1325.5341
334.7949,1326.9368
334.8011,1328.5559
335.1001,1330.009
335.2244,1331.4806
335.4904,1332.9092
335.934,1334.5276
335.9549,1336.0642
336.1905,1337.5178
336.3746,1338.9651
336.6484,1340.4101
336.8103,1341.9117
337.1225,1343.3512
337.2815,1344.8289
337.3636,1346.384
337.5984,1348.055
338.0269,1349.4572
338.2014,1350.9494
338.3218,1352.3948
338.4835,1353.9404
338.7951,1355.3589
338.8321,1356.8778
339.2403,1358.2754
339.5818,1359.8757
339.6061,1361.39
339.9628,1362.8394
340.186,1364.2812
340.4108,1365.7037
340.594,1367.1703
340.973,1368.6202
341.2488,1370.0717
341.3895,1371.6156
341.655,1373.3039
342.0173,1374.7265
342.0064,1376.2154
342.1409,1377.6511
342.5369,1379.2109
342.7781,1380.6689
342.8957,1382.1349
343.1037,1383.5759
343.238,1385.2047
343.5911,1386.7053
343.8166,1388.1473
344.1307,1389.5956
344.1816,1391.0672
344.273,1392.5673
344.8022,1393.953
344.9081,1395.4534
345.0518,1396.9251
345.3941,1398.6193
345.4465,1400.098
345.7392,1401.574
345.8752,1403.0025
346.1538,1404.4891
346.2436,1406.007
346.4447,1407.4451
346.7656,1408.8814
346.9314,1410.4182
347.2933,1411.9603
347.3871,1413.4047
347.5977,1414.8871
347.7349,1416.3242
347.9914,1417.7517
348.3177,1419.1996
348.4383,1420.6932
348.615,1422.0899
348.9999,1423.8097
349.2112,1425.3459
349.4676,1426.7773
349.7288,1428.2565
349.861,1429.73
350.2098,1431.2605
350.2631,1432.7374
350.6065,1434.176
351.0055,1435.5691
350.8127,1437.3589
351.0758,1438.8008
351.3544,1440.2509
351.5496,1441.7114
351.8344,1443.1581
352.0164,1444.6347
352.2824,1446.0971
352.3758,1447.5684
352.7864,1449.0487
352.9367,1450.7761
353.1586,1452.2022
353.3445,1453.6923
353.4054,1455.1528
353.5975,1456.6683
353.8877,1457.5587
354.0777,1457.5282
,
354.2506,1457.5093
354.3318,1457.5
354.4329,1457.4824
354.5086,1457.4723
354.6609,1457.4548
354.5968,1457.46
354.8562,1457.4257
354.9633,1457.4108
355.148,1457.3854
355.2327,1457.3605
355.4457,1457.3347
355.5547,1457.3164
355.5845,1457.3126
355.7147,1457.2943
355.7312,1457.293
355.9368,1457.2611
356.1288,1457.2283
356.1106,1457.2265
356.2127,1457.2094
356.2519,1457.2005
356.4711,1457.177
356.526,1457.161
356.7351,1457.1322
356.7674,1457.139
356.8686,1457.1164
357.005,1457.0916
356.9641,1457.0952
357.021,1457.0894
357.2904,1457.0466
357.4323,1457.0333
357.5053,1457.0168
357.5844,1457.0055
357.8027,1456.9687
357.8132,1456.967
357.8721,1456.958
357.983,1456.9485
358.1962,1456.912
358.0362,1456.9338
358.2849,1456.9013
358.4606,1456.8785
358.5521,1456.8638
358.7273,1456.8426
358.6496,1456.8487
358.8231,1456.8231
358.9054,1456.8125
359.0352,1456.7981
358.9962,1456.8019
359.0674,1456.7852
359.0017,1456.8051
359.2769,1456.7587
359.3597,1456.7499
359.341,1456.7564
359.4217,1456.7453
359.5916,1456.727
359.6005,1456.7291
359.6978,1456.706
359.7452,1456.6994
359.7476,1456.6995
359.8017,1456.6895
360.0349,1456.6571
360.0623,1456.6581
360.115,1456.6417
360.0924,1456.6414
360.172,1456.6278
360.5348,1456.5829
360.4333,1456.5989
360.5241,1456.5828
360.5,1456.5895
360.4772,1456.5924
360.6527,1456.5675
360.651,1456.5695
360.7275,1456.5615
360.7753,1456.5493
360.9402,1456.5266
360.972,1456.5164
360.9202,1456.5312
361.0518,1456.5148
360.9868,1456.5129
361.0535,1456.5098
361.1222,1456.4954
361.3421,1456.4678
361.4031,1456.4732
361.3751,1456.4623
361.5193,1456.4409
361.5274,1456.4456
361.6456,1456.4219
361.7151,1456.4141
361.7267,1456.4089
361.8953,1456.3892
361.9351,1456.3863
362.145,1456.3545
362.1122,1456.3573
362.2274,1456.3386
362.1858,1456.3443
362.3193,1456.3234
362.2721,1456.3287
362.144,1456.3519
362.4146,1456.3114
362.289,1456.3338
362.4461,1456.3065
362.6197,1456.2774
362.6031,1456.289
362.5744,1456.2847
362.6877,1456.2717
362.8601,1456.2528
362.9389,1456.2418
363.0177,1456.2266
363.1208,1456.2081
363.0614,1456.2211
363.0364,1456.2289
363.2151,1456.203
363.2987,1456.1866
363.3196,1456.1725
363.5028,1456.1512
363.4456,1456.163
363.4742,1456.1537
363.4265,1456.1646
363.4849,1456.155
363.7884,1456.1085
363.6549,1456.1297
363.4044,1456.1744
363.7155,1456.1178
363.7497,1456.1161
363.8282,1456.1034
363.9814,1456.0816
363.8723,1456.0995
363.8657,1456.0973
363.8339,1456.1049
364.1314,1456.0683
363.9841,1456.0885
364.2766,1456.0396
364.3175,1456.0437
364.2452,1456.0511
364.3081,1456.0439
364.4468,1456.0117
364.458,1456.0141
364.5486,1456.0058
364.3661,1456.0309
364.5262,1456.0057
364.584,1455.9986
364.7087,1455.9814
364.7242,1455.9769
364.7195,1455.9781
364.8935,1455.9469
364.7919,1455.9684
364.8015,1455.965
364.9331,1455.9511
364.9552,1455.949
365.0466,1455.9263
364.9481,1455.9442
365.036,1455.9392
365.2689,1455.8986
365.4004,1455.8757
365.4824,1455.8667
365.3558,1455.88
365.2873,1455.8976
365.2708,1455.9025
365.4115,1455.8755
365.5105,1455.8701
365.5348,1455.8647
365.5304,1455.8643
365.3152,1455.8909
365.5104,1455.8633
365.6216,1455.847
365.7143,1455.8317
365.7803,1455.8202
365.7949,1455.8165
365.8441,1455.8078
365.892,1455.8166
366.0739,1455.7885
366.0243,1455.7878
365.9423,1455.8143
365.9046,1455.8113
365.9896,1455.8013
366.1295,1455.7776
366.1812,1455.7723
366.1284,1455.7774
366.2242,1455.7682
366.1647,1455.7761
366.3429,1455.7532
366.2198,1455.7615
366.3133,1455.7522
366.3243,1455.7521
366.5533,1455.73
366.4217,1455.7351
366.5472,1455.7246
366.5901,1455.7217
366.4973,1455.7268
366.674,1455.71
366.7354,1455.6994
366.7044,1455.7047
366.8482,1455.6909
366.6191,1455.7152
366.7646,1455.6932
366.7149,1455.698
366.8762,1455.6818
366.9519,1455.6731
366.9874,1455.6727
366.9587,1455.6707
367.1171,1455.6494
366.9949,1455.669
367.1838,1455.6471
367.1438,1455.6364
367.1307,1455.6499
367.2401,1455.6362
367.1869,1455.6413
367.2109,1455.6373
367.2586,1455.6356
367.3998,1455.6104
367.3788,1455.6138
367.3756,1455.6112
367.5408,1455.5845
367.4864,1455.5902
367.4512,1455.6005
367.5553,1455.5838
367.4807,1455.5963
367.5217,1455.5907
367.5033,1455.5919
367.5191,1455.58
367.6344,1455.5708
367.6267,1455.5719
367.8051,1455.5441
367.9052,1455.5421
367.9186,1455.5436
367.7749,1455.554
367.834,1455.5458
367.9181,1455.5328
367.9271,1455.528
368.09,1455.5119
368.0702,1455.5143
368.0756,1455.5115
368.0678,1455.5103
368.1671,1455.5016
368.188,1455.5029
368.3206,1455.4829
368.3883,1455.4727
368.2643,1455.4847
368.247,1455.5015
368.4271,1455.475
368.4089,1455.4638
368.4299,1455.4587
368.4007,1455.4644
368.3762,1455.4702
368.5171,1455.4472
368.6255,1455.4376
368.7167,1455.4196
368.5288,1455.4488
368.5352,1455.4576
368.4649,1455.4681
368.6344,1455.4424
368.7441,1455.4199
368.9089,1455.3833
368.6685,1455.4316
368.7914,1455.4128
368.8677,1455.4084
368.9965,1455.3893
368.9082,1455.4036
368.852,1455.403
368.9684,1455.3984
368.8944,1455.4052
368.9074,1455.3927
369.0149,1455.3811
369.2178,1455.3413
369.3279,1455.3243
369.2166,1455.3436
369.1499,1455.3534
369.2289,1455.3438
369.2968,1455.331
369.4746,1455.3115
369.3199,1455.3364
369.3311,1455.3353
369.3901,1455.3201
369.4302,1455.318
369.5806,1455.2945
369.5607,1455.3032
369.7018,1455.2755
369.723,1455.2738
369.5766,1455.2924
369.6236,1455.2828
369.7621,1455.2599
369.7607,1455.2549
369.8223,1455.2484
369.8413,1455.2498
369.7946,1455.2501
369.8213,1455.2508
369.7583,1455.2586
369.9699,1455.228
369.9084,1455.2395
369.923,1455.2286
369.934,1455.2368
369.9843,1455.2305
369.9799,1455.2379
370.0158,1455.2283
370.009,1455.2275
370.1943,1455.1989
370.1204,1455.2068
369.952,1455.2401
370.1489,1455.2049
370.2711,1455.1891
370.2836,1455.1823
370.2635,1455.1821
370.5017,1455.1475
370.4322,1455.1669
370.2847,1455.1931
370.3421,1455.1838
370.6374,1455.1444
370.5293,1455.1538
370.6427,1455.1364
370.6453,1455.1363
370.5825,1455.1427
370.7846,1455.1116
370.7055,1455.1278
370.7055,1455.1196
370.5856,1455.1374
370.7372,1455.1214
370.8081,1455.1103
370.9188,1455.0941
370.9384,1455.0882
370.8655,1455.1056
370.8731,1455.1081
370.9076,1455.0914
370.9319,1455.0888
371.091,1455.0672
371.0706,1455.0687
371.085,1455.074
371.0915,1455.0708
371.0704,1455.0701
371.1803,1455.0605
371.0254,1455.0787
371.1203,1455.0586
371.1261,1455.0642
371.1263,1455.0684
371.3037,1455.0368
371.0459,1455.078
371.2169,1455.0518
371.3731,1455.0278
371.313,1455.0364
371.1098,1455.063
371.0484,1455.072
371.3135,1455.0324
371.3136,1455.0371
371.2721,1455.0466
371.3812,1455.0353
371.1865,1455.0568
371.4285,1455.0301
371.4005,1455.0274
371.3594,1455.0371
371.4785,1455.0207
371.4663,1455.0067
371.4049,1455.0267
371.4901,1455.0103
371.4387,1455.0255
371.5432,1454.9995
371.4946,1455.0071
371.5392,1455.0106
371.5052,1455.0039
371.4529,1455.0115
371.3743,1455.0244
371.5857,1454.9972
371.7692,1454.9752
371.898,1454.9567
371.8749,1454.9667
371.7665,1454.9751
371.645,1454.9961
371.8645,1454.959
371.9419,1454.9472
371.9125,1454.9561
371.7737,1454.9698
371.9036,1454.9488
371.9333,1454.949
371.9219,1454.9439
372.0328,1454.9411
372.1508,1454.9243
372.0188,1454.9375
371.9452,1454.9405
372.0487,1454.9275
372.0967,1454.9221
372.1467,1454.9167
372.2652,1454.9013
372.1507,1454.9235
372.0347,1454.934
372.0614,1454.9381
372.275,1454.8979
372.2358,1454.9037
372.4166,1454.8811
372.3132,1454.8921
372.2699,1454.9049
372.1501,1454.9243
372.2648,1454.9004
372.4935,1454.8705
372.4482,1454.8814
372.5328,1454.8749
372.5956,1454.8563
372.4242,1454.8877
372.6174,1454.8555
372.5558,1454.8591
372.5058,1454.8684
372.6198,1454.85
372.5994,1454.8586
372.5371,1454.8672
372.5196,1454.8676
372.7696,1454.8311
372.6822,1454.8474
372.5798,1454.8568
372.6741,1454.8444
372.6811,1454.8392
372.7417,1454.8304
372.8306,1454.826
372.6559,1454.8471
372.7706,1454.8321
372.7158,1454.8338
372.6016,1454.8535
372.6981,1454.8442
372.9061,1454.8122
372.7763,1454.8304
372.8433,1454.8251
372.8085,1454.8305
372.8523,1454.8181
372.9845,1454.8025
372.8587,1454.8196
373.0506,1454.7891
373.0399,1454.7907
372.9299,1454.7984
372.9839,1454.8044
373.1408,1454.7835
373.0799,1454.7864
372.9741,1454.8093
373.1412,1454.7861
373.1608,1454.7812
373.1311,1454.7889
373.3428,1454.7532
373.166,1454.7913
373.3064,1454.7648
373.3844,1454.7432
373.3011,1454.7612
373.1364,1454.7854
373.142,1454.7802
373.4503,1454.7372
373.3594,1454.7355
373.4443,1454.7319
373.3491,1454.744
373.2502,1454.7609
373.3814,1454.7491
373.4528,1454.7312
373.3883,1454.7493
373.376,1454.7408
373.3435,1454.7564
373.4363,1454.739
373.3468,1454.7484
373.5108,1454.7301
373.5892,1454.7158
373.5537,1454.7232
373.6584,1454.7137
373.6791,1454.7095
373.4051,1454.7498
373.5314,1454.7316
373.5186,1454.7265
373.7416,1454.7018
373.6386,1454.7102
373.6398,1454.7166
373.544,1454.727
373.7337,1454.7054
373.5975,1454.7224
373.6083,1454.7185
373.7725,1454.6939
373.7476,1454.7
373.7823,1454.6974
373.6386,1454.7095
373.7421,1454.6933
373.8929,1454.6754
373.8365,1454.6891
374.0076,1454.6673
373.7315,1454.6933
373.7799,1454.6874
373.9508,1454.6725
373.9915,1454.6699
374.024,1454.6624
374.0508,1454.6609
373.9577,1454.6692
374.1006,1454.6498
374.173,1454.636
374.0533,1454.6659
373.8842,1454.6874
373.8867,1454.6839
374.2075,1454.6436
374.1011,1454.654
374.1005,1454.6581
374.1615,1454.6488
374.1188,1454.6459
374.166,1454.6438
374.2156,1454.6441
374.1731,1454.6483
374.2173,1454.6486
374.3358,1454.6201
374.3819,1454.6213
374.2271,1454.6311
374.4865,1454.6021
374.3329,1454.6305
374.2685,1454.6307
374.3971,1454.6139
374.4854,1454.6026
374.4606,1454.6021
374.3966,1454.6185
374.4666,1454.5961
374.491,1454.6057
374.5024,1454.6001
374.3625,1454.6201
374.4173,1454.6148
374.5684,1454.5859
374.5967,1454.5855
374.6413,1454.5691
374.6037,1454.588
374.65,1454.5797
374.7157,1454.5657
374.6963,1454.5734
374.6715,1454.5713
374.6509,1454.5759
374.6523,1454.576
374.6903,1454.5718
374.5613,1454.5844
374.7657,1454.5597
374.6557,1454.5731
374.7885,1454.5537
374.9222,1454.5282
374.8504,1454.5435
374.7972,1454.5499
374.8331,1454.5437
374.7898,1454.5527
374.9246,1454.5284
374.8608,1454.5477
375.0112,1454.5235
374.9712,1454.5368
374.999,1454.5348
374.9906,1454.523
375.1958,1454.4994
375.0931,1454.517
374.8252,1454.5555
374.9586,1454.5344
375.0222,1454.5285
375.0491,1454.5295
375.1379,1454.5083
374.9674,1454.5354
375.0637,1454.5259
374.9354,1454.5421
375.036,1454.5293
375.1087,1454.5208
374.9328,1454.5451
375.2709,1454.4908
375.0505,1454.5229
375.0599,1454.5216
375.2492,1454.499
375.3106,1454.4844
375.181,1454.508
375.0778,1454.5116
375.1727,1454.4992
375.1339,1454.5028
375.3074,1454.4787
375.2914,1454.489
375.1959,1454.4979
375.1506,1454.5048
375.2326,1454.4891
375.4258,1454.4708
375.3615,1454.4782
375.3607,1454.4819
375.4162,1454.4698
375.3703,1454.4774
375.4112,1454.4784
375.5421,1454.4595
375.5348,1454.4606
375.4709,1454.4657
375.4963,1454.4672
375.4454,1454.4692
375.4625,1454.4607
375.618,1454.4373
375.467,1454.4589
375.5082,1454.4501
375.5251,1454.4515
375.389,1454.4773
375.5193,1454.46
375.5187,1454.4609
375.4505,1454.4678
375.653,1454.4408
375.6873,1454.4401
375.5382,1454.4545
375.6943,1454.431
375.6541,1454.437
375.5773,1454.4501
375.8704,1454.4068
375.5482,1454.4452
375.6935,1454.4264
375.7212,1454.4322
375.9276,1454.3977
375.9275,1454.3912
375.7625,1454.4163
375.9817,1454.385
375.8853,1454.4035
375.9281,1454.3953
376.0107,1454.3837
375.9546,1454.385
375.9401,1454.3968
375.9854,1454.387
375.786,1454.4166
375.9164,1454.3988
375.9584,1454.3906
375.9648,1454.3912
376.1855,1454.3584
376.0696,1454.3725
376.1776,1454.3546
376.1929,1454.3558
376.1305,1454.3727
376.1106,1454.3731
376.0513,1454.3772
376.0936,1454.3785
376.1997,1454.3581
376.0965,1454.3691
376.0999,1454.3767
376.1649,1454.3626
376.0851,1454.3797
376.28,1454.354
376.3232,1454.3504
376.1341,1454.3675
376.2442,1454.3514
376.0896,1454.374
376.3109,1454.3437
376.2013,1454.3575
376.3386,1454.3429
376.1497,1454.3651
376.0759,1454.3812
376.2142,1454.345
376.328,1454.3326
376.2943,1454.3355
376.3941,1454.323
376.3166,1454.3408
376.2658,1454.3452
376.3766,1454.3292
376.403,1454.3248
376.3459,1454.3244
376.3854,1454.3316
376.4003,1454.3217
376.4078,1454.326
376.4491,1454.3127
376.4724,1454.3139
376.4931,1454.3133
376.3884,1454.3272
376.4188,1454.325
376.5216,1454.3143
376.4234,1454.3238
376.4588,1454.3194
376.42,1454.3243
376.6784,1454.2938
376.4637,1454.3144
376.6886,1454.2861
376.4904,1454.3144
376.5124,1454.3107
376.545,1454.3077
376.4764,1454.3172
376.5572,1454.3033
376.5097,1454.3169
376.5053,1454.3165
376.6393,1454.2997
376.6062,1454.3116
376.5177,1454.3186
376.6946,1454.286
376.6617,1454.2933
376.5238,1454.3155
376.6691,1454.2959
376.6551,1454.2912
376.6862,1454.291
376.6147,1454.3
376.7572,1454.2855
376.7362,1454.2823
376.8048,1454.2677
376.8679,1454.2644
376.7174,1454.2886
376.716,1454.299
376.8327,1454.2752
376.9216,1454.2653
376.8057,1454.2825
376.7763,1454.2764
376.9581,1454.2528
376.853,1454.2592
376.8331,1454.2642
377.0002,1454.2513
376.9189,1454.2625
376.9549,1454.258
376.9728,1454.2545
376.85,1454.267
376.9813,1454.2504
376.9283,1454.2595
376.9025,1454.2745
376.969,1454.2623
377.1213,1454.2381
377.0666,1454.2512
377.1155,1454.2352
377.0086,1454.257
377.031,1454.2431
377.1501,1454.2302
377.1684,1454.2364
376.992,1454.2535
377.0592,1454.2456
377.1549,1454.2288
377.1673,1454.2209
377.1936,1454.2244
377.105,1454.2392
377.2493,1454.218
377.2542,1454.2188
377.3167,1454.2023
377.183,1454.221
377.3521,1454.2017
377.221,1454.2251
377.3298,1454.2052
377.4211,1454.1872
377.3096,1454.205
377.3106,1454.1969
377.4461,1454.1883
377.2943,1454.2039
377.3948,1454.1898
377.3055,1454.2056
377.3969,1454.1917
377.5058,1454.1722
377.6348,1454.1639
377.4745,1454.1759
377.4732,1454.1824
377.3819,1454.1965
377.5641,1454.1712
377.5618,1454.1673
377.5127,1454.1805
377.4185,1454.1872
377.5119,1454.1765
377.5317,1454.1739
377.6287,1454.1647
377.6314,1454.1593
377.7984,1454.1452
377.7082,1454.1486
377.6584,1454.1494
377.5961,1454.1702
377.6198,1454.1616
377.6977,1454.1498
377.7089,1454.142
377.6281,1454.1552
377.6333,1454.1574
377.6427,1454.1494
377.5498,1454.1638
377.5174,1454.1731
377.6682,1454.1516
377.6289,1454.1589
377.8162,1454.1358
377.7687,1454.1489
377.8367,1454.1396
377.7542,1454.1474
377.8813,1454.1344
377.8992,1454.1209
377.9017,1454.1238
377.8749,1454.1255
377.8212,1454.1473
377.9504,1454.1249
377.9665,1454.1153
377.8902,1454.1306
377.9262,1454.1245
377.8391,1454.1357
377.9772,1454.1198
377.887,1454.1306
377.9731,1454.1164
377.9244,1454.1249
378.0605,1454.1105
378.0095,1454.1063
378.0473,1454.1056
378.163,1454.0867
378.0889,1454.0974
378.2296,1454.0788
378.0588,1454.0988
377.9321,1454.1241
378.0951,1454.0968
378.0707,1454.0943
378.1023,1454.0877
378.1153,1454.0903
378.1265,1454.1001
378.1225,1454.1053
378.1659,1454.0876
378.2067,1454.0818
378.1085,1454.1002
378.1039,1454.098
378.1216,1454.0913
378.0752,1454.1026
378.2532,1454.0896
378.1394,1454.1015
378.258,1454.089
378.2244,1454.0791
378.1629,1454.0917
377.9921,1454.1193
378.1956,1454.0941
378.1441,1454.0989
378.2369,1454.0933
378.2676,1454.0805
378.319,1454.0749
378.4087,1454.0611
378.3339,1454.0646
378.4504,1454.0527
378.3855,1454.0603
378.4892,1454.0432
378.4806,1454.0449
378.265,1454.0814
378.2697,1454.0751
378.3197,1454.0724
378.4441,1454.0532
378.4338,1454.0488
378.3131,1454.0671
378.4421,1454.0586
378.4006,1454.0635
378.566,1454.0353
378.6368,1454.0288
378.7595,1454.0136
378.5818,1454.0365
378.5721,1454.0386
378.5425,1454.0395
378.6136,1454.0289
378.638,1454.0227
378.6906,1454.0218
378.7565,1454.0124
378.5357,1454.0372
378.4975,1454.0497
378.4838,1454.042
378.7055,1454.0169
378.6065,1454.025
378.7488,1454.0013
378.6542,1454.0203
378.5744,1454.0324
378.5017,1454.0466
378.8034,1453.996
378.7264,1454.0171
378.6659,1454.0241
378.7071,1454.0206
378.7382,1454.0021
378.6356,1454.018
378.6305,1454.0125
378.7742,1453.9995
378.7896,1454.0018
378.6964,1454.0206
378.811,1453.9999
378.7692,1454.005
378.7982,1454.0167
378.8916,1453.9878
379.0885,1453.9766
378.8339,1454.0088
378.797,1454.0126
378.9054,1453.9965
378.9244,1453.9854
378.8715,1454.0075
378.8785,1454.0005
378.8066,1454.0124
378.8481,1454.012
378.896,1453.9966
379.0501,1453.986
378.8595,1454.0086
378.8996,1453.9928
378.9553,1453.9881
378.8915,1453.9978
379.003,1453.979
379.0142,1453.9768
379.1395,1453.96
378.9957,1453.9808
378.9792,1453.9788
379.0344,1453.9709
378.9368,1453.9893
379.0682,1453.968
379.106,1453.9581
379.095,1453.9607
379.0484,1453.9714
379.0156,1453.9761
379.1058,1453.9593
379.0871,1453.9715
379.1816,1453.9498
379.0898,1453.972
379.0717,1453.9679
379.1991,1453.9474
379.1973,1453.9496
379.2214,1453.9437
379.0173,1453.98
378.9583,1453.9876
379.0842,1453.9732
379.0752,1453.9689
379.1329,1453.9649
379.1571,1453.9619
379.0044,1453.9806
379.0829,1453.9784
379.1673,1453.9597
379.239,1453.9436
379.1359,1453.964
379.1279,1453.9709
379.1921,1453.955
379.4412,1453.9216
379.3356,1453.9304
379.248,1453.9446
379.2957,1453.9357
379.3674,1453.9293
379.223,1453.9487
379.5036,1453.9047
379.3841,1453.9222
379.3885,1453.9212
379.2981,1453.9348
379.4751,1453.9106
379.4113,1453.9206
379.2938,1453.937
379.2183,1453.9421
379.2539,1453.9421
379.3229,1453.9392
379.3677,1453.9329
379.4174,1453.9262
379.4539,1453.9204
379.3153,1453.9379
379.2985,1453.9509
379.2267,1453.9551
379.2205,1453.953
379.315,1453.9432
379.3771,1453.9303
379.4068,1453.9322
379.3172,1453.9354
379.3453,1453.9407
379.2935,1453.9443
379.5034,1453.9055
379.5478,1453.9051
379.4897,1453.9166
379.4907,1453.9226
379.4944,1453.9145
379.6439,1453.8955
379.7092,1453.8852
379.6777,1453.891
379.5855,1453.9111
379.5776,1453.9121
379.734,1453.8902
379.8049,1453.8763
379.6162,1453.8976
379.8072,1453.87
379.7953,1453.8629
379.8718,1453.8621
379.8299,1453.8719
379.6496,1453.885
379.6948,1453.8952
379.8119,1453.8708
379.9339,1453.8563
379.8296,1453.8654
379.9201,1453.8537
379.7366,1453.8732
379.9773,1453.8362
379.9297,1453.8474
379.975,1453.837
379.8975,1453.8489
379.8385,1453.8595
379.9155,1453.8458
379.9722,1453.8413
379.8703,1453.8563
379.8848,1453.8444
379.9958,1453.8326
379.8672,1453.8611
379.9638,1453.8477
379.9711,1453.8446
380.0232,1453.837
380.0551,1453.8361
380.1009,1453.8256
380.004,1453.8329
379.9914,1453.8324
379.9822,1453.8327
380.2147,1453.8074
380.1589,1453.8107
380.1524,1453.8157
379.8891,1453.8472
380.0856,1453.8158
380.1985,1453.8023
380.0038,1453.8387
380.0177,1453.8319
380.0098,1453.8262
380.1988,1453.8005
380.2168,1453.7973
380.1134,1453.8083
380.1358,1453.8133
380.1905,1453.8058
380.1272,1453.8071
380.1277,1453.8077
380.1076,1453.8106
380.0191,1453.8205
380.2191,1453.8061
380.0828,1453.8134
380.0557,1453.82
379.9596,1453.8357
380.0584,1453.8178
380.1695,1453.8117
380.2259,1453.7942
380.2727,1453.7877
380.006,1453.8244
380.1103,1453.8085
380.0909,1453.8157
380.2033,1453.7911
380.1412,1453.804
380.1579,1453.7961
380.2927,1453.7862
380.2157,1453.7976
380.1054,1453.8145
380.3381,1453.7882
380.3587,1453.7775
380.1852,1453.1752
,
380.2046,1451.5807
380.132,1450.145
380.0051,1448.6583
380.0306,1447.1803
379.8324,1445.5226
380.0075,1443.8905
379.8156,1442.4257
379.7042,1440.9791
379.7908,1439.4444
379.5926,1437.966
379.6091,1436.5137
379.461,1435.0064
379.2999,1433.5585
379.1064,1431.8893
379.2202,1430.3667
379.1272,1428.888
379.0216,1427.4344
378.935,1425.8776
379.1007,1424.3129
378.818,1422.8715
378.7174,1421.4022
378.6865,1419.8968
378.6726,1418.0743
378.5457,1416.597
378.3223,1415.126
378.1783,1413.6748
378.3064,1412.1442
378.0755,1410.7431
378.0472,1409.2593
377.9555,1407.7784
377.8314,1406.223
377.7057,1404.6803
377.6582,1403.2066
377.685,1401.7063
377.6,1400.238
377.5652,1398.688
377.311,1397.2433
377.3228,1395.7605
377.2231,1394.3092
377.2577,1392.5657
377.1095,1391.0558
377.1472,1389.5655
377.0677,1388.086
377.1296,1386.5529
376.9871,1385.1033
376.892,1383.6388
376.7421,1382.1641
376.7188,1380.6626
376.6672,1378.9978
376.5841,1377.523
376.4465,1376.0441
376.3724,1374.586
376.2801,1373.0101
376.2515,1371.519
376.1684,1370.0336
376.0629,1368.5918
376.0629,1366.9072
375.8616,1365.2978
375.9013,1363.8123
375.8765,1362.337
375.6624,1360.875
375.67,1359.393
375.5489,1357.9347
375.5462,1356.4557
375.3313,1354.9994
375.399,1353.2846
375.2823,1351.8428
375.1414,1350.3726
375.1984,1348.8846
375.0523,1347.3269
374.9901,1345.8628
374.9429,1344.373
374.8216,1342.9222
374.8318,1341.256
374.878,1339.6203
374.5807,1338.1723
374.4919,1336.7191
374.4774,1335.1963
374.3346,1333.7114
374.4065,1332.2292
374.1325,1330.786
374.0299,1329.3158
373.9912,1327.5586
373.8439,1326.1304
373.8021,1324.6423
373.7845,1323.1762
373.6707,1321.5768
373.5275,1320.106
373.5333,1318.6145
373.5827,1317.1369
373.3872,1315.4239
373.2995,1313.7844
373.1271,1312.3043
373.0934,1310.8288
373.0376,1309.3464
373.0141,1307.91
372.8693,1306.4513
372.8527,1304.963
372.8455,1303.4383
372.7773,1301.838
372.6916,1300.3567
372.6003,1298.8776
372.5238,1297.4041
372.2636,1295.8909
372.2094,1294.4289
372.2157,1292.9483
372.0381,1291.495
371.9214,1289.798
371.8869,1288.2984
371.7771,1286.7986
371.7131,1285.3298
371.6188,1283.8402
371.5819,1282.3926
371.5293,1280.9085
371.3957,1279.4444
371.2236,1277.8693
371.2905,1276.2873
371.1444,1274.8226
371.0554,1273.3533
370.8895,1271.8488
370.7745,1270.3378
370.5823,1268.8796
370.4481,1267.4203
370.4246,1265.8485
370.4808,1264.1241
370.3791,1262.6564
370.3512,1261.1801
370.3338,1259.6965
370.1621,1258.2573
370.1025,1256.8024
370.0248,1255.3177
370.0601,1253.8152
370.1041,1252.1394
369.8026,1250.7224
369.8223,1249.2252
369.5972,1247.774
369.4981,1246.231
369.4166,1244.7771
369.233,1243.3012
369.0664,1241.8605
369.0499,1240.1395
369.1683,1238.5852
369.1008,1237.0944
368.9798,1235.6397
368.7276,1234.1494
368.5625,1232.7155
368.4911,1231.2308
368.5762,1229.7388
368.4685,1228.1085
368.372,1226.5791
368.1156,1225.1306
368.0754,1223.6605
367.9146,1222.1097
368.006,1220.5961
367.8975,1219.1157
367.6526,1217.6728
367.6022,1216.0088
367.5587,1214.3806
367.5599,1212.8835
367.4128,1211.4264
367.4311,1209.9378
367.3328,1208.5002
367.3076,1207.0107
367.2255,1205.5478
367.065,1203.9996
366.8344,1202.4734
366.8112,1200.9866
366.7445,1199.518
366.5399,1198.0061
366.5845,1196.4918
366.4863,1195.0242
366.4568,1193.5535
366.3352,1191.9672
366.3232,1190.3273
366.3179,1188.8448
366.2419,1187.3678
366.1164,1185.8906
366.1749,1184.3997
365.8581,1182.9583
365.5892,1181.5228
365.6605,1179.9411
365.645,1178.3411
365.4103,1176.8988
365.3921,1175.4163
365.3258,1173.8856
365.1113,1172.379
365.1918,1170.8885
364.9405,1169.4487
365.0645,1167.8179
364.9422,1166.163
364.9095,1164.6882
364.7982,1163.2254
364.642,1161.7435
364.4847,1160.3126
364.4347,1158.8277
364.4375,1157.3472
364.2804,1155.7928
364.1898,1154.2374
363.9288,1152.7899
363.7989,1151.3448
363.8878,1149.7741
363.8317,1148.2814
363.6133,1146.8238
363.5832,1145.3513
363.5052,1143.6983
363.3499,1142.1207
363.2569,1140.6407
363.3287,1139.1604
363.1149,1137.6677
363.0253,1136.1969
362.8723,1134.7357
362.8417,1133.2684
362.8031,1131.6155
362.9004,1130.0655
362.62,1128.6088
362.5232,1127.1617
362.4011,1125.5817
362.3164,1124.0959
362.1122,1122.6316
362.0118,1121.1706
362.0952,1119.3538
361.9205,1117.8599
361.7178,1116.395
361.7145,1114.9204
361.581,1113.4762
361.5138,1112.0274
361.4399,1110.5383
361.2343,1109.0705
361.3749,1107.4125
361.1967,1105.9486
361.0603,1104.4885
360.8529,1103.0144
360.7153,1101.5109
360.6417,1100.0475
360.5974,1098.5675
360.6788,1096.9767
360.3574,1095.3787
360.3437,1093.8931
360.4095,1092.4182
360.2241,1090.9312
360.0312,1089.5046
360.1733,1087.9803
359.978,1086.541
359.8528,1084.9356
359.8325,1083.3883
359.5829,1081.9294
359.4717,1080.4826
359.5158,1078.8884
359.3906,1077.4362
359.1846,1075.9747
359.1516,1074.5101
359.0942,1072.7342
358.9786,1071.272
358.8043,1069.8011
358.7472,1068.328
358.6704,1066.8662
358.6731,1065.3984
358.5113,1063.9407
358.5069,1062.3871
358.2914,1060.8273
358.2632,1059.3486
358.2469,1057.8776
358.1978,1056.353
358.0461,1054.8705
357.8118,1053.4143
357.8203,1051.9422
357.6525,1050.2781
357.6344,1048.7218
357.4888,1047.2491
357.451,1045.7809
357.258,1044.2892
357.111,1042.8428
357.1526,1041.3441
357.1167,1039.8427
357.0148,1038.1849
356.8762,1036.7348
356.5705,1035.2893
356.5909,1033.7505
356.4761,1032.2357
356.3101,1030.7848
356.2425,1029.3016
356.2631,1027.6025
356.0212,1026.0484
356.0132,1024.5608
355.9254,1023.0658
355.7623,1021.6229
355.7187,1020.1638
355.6466,1018.667
355.4763,1017.1901
355.4539,1015.5862
355.2631,1014.1353
355.2728,1012.654
355.0493,1011.1697
355.0487,1009.6681
355.0119,1008.1702
354.8116,1006.7395
354.6824,1005.0772
354.6008,1003.5368
354.622,1002.0487
354.4671,1000.5928
354.3694,999.08132
354.1583,997.64561
354.1711,996.16885
354.1277,994.61941
353.9176,993.0425
353.8643,991.56955
353.7791,990.096
353.3921,988.59392
353.5512,987.08656
353.4305,985.59827
353.2564,984.15505
353.1644,982.40204
352.9279,980.92987
352.8795,979.45598
352.8342,977.97983
352.8039,976.50816
352.5831,975.06451
352.5002,973.60074
352.3707,972.01839
352.4193,970.4803
352.102,969.03055
352.1079,967.55277
352.2472,965.97256
352.1255,964.49924
351.8888,963.06735
351.8338,961.49816
351.6385,959.85529
351.5581,958.38899
351.5136,956.90049
351.337,955.40792
351.2013,953.96166
351.1414,952.47875
351.0291,951.02265
350.8162,949.30386
350.8136,947.84923
350.737,946.37314
350.6604,944.85492
350.6157,943.31275
350.3364,941.87761
350.2735,940.40356
350.3271,938.62824
350.2348,937.12131
350.0215,935.65111
349.9292,934.19882
349.7566,932.757
349.8263,931.2787
349.8059,929.78436
349.5909,928.24832
349.448,926.74817
349.2721,925.28654
349.1836,923.80624
349.0631,922.30224
349.0895,920.82223
348.9896,919.36963
348.7822,917.77771
348.656,916.21944
348.5251,914.75047
348.4896,913.2784
348.3182,911.80491
348.2454,910.34255
348.2386,908.87249
347.9536,907.34724
347.8664,905.7839
347.8524,904.30064
347.6788,902.84712
347.6581,901.29971
347.4244,899.84609
347.2078,898.40403
347.0965,896.8365
347.1199,895.19443
347.1246,893.68466
346.9273,892.25212
346.597,890.81804
346.5608,889.36548
346.2546,887.92468
346.3302,886.36969
346.1981,884.82691
346.1627,883.31128
345.9905,881.87585
345.8113,880.34277
345.8353,878.85802
345.538,877.42995
345.5817,875.83428
345.5977,874.20953
345.6025,872.70475
345.2745,871.28426
345.2105,869.78881
345.1896,868.30595
345.1047,866.85484
344.9262,865.31026
344.8004,863.73968
344.795,862.25598
344.5939,860.80374
344.6491,859.22415
344.4966,857.76564
344.2754,856.31024
344.2855,854.69807
344.0138,853.10437
343.8786,851.63474
343.7613,850.18085
343.576,848.72784
343.7019,847.24251
343.7174,845.7739
343.5371,844.20358
343.2131,842.73899
343.0888,841.27855
343.1426,839.76021
343.0934,838.25084
342.9166,836.81597
342.9447,835.32077
342.7454,833.68593
342.7736,832.15717
342.4799,830.70684
342.4063,829.22812
342.3531,827.76391
342.2432,826.29284
342.0484,824.83658
341.8843,823.20792
341.7585,821.73118
341.5334,820.28899
341.5115,818.72632
341.5587,817.22656
341.2764,815.79213
341.2924,814.2457
341.2175,812.55749
341.0985,811.09397
340.9282,809.65378
340.9468,808.15804
340.7205,806.71872
340.4423,805.28936
340.442,803.72435
340.459,802.17105
340.2541,800.70765
340.2323,799.2169
340.065,797.71291
339.895,796.26832
339.6376,794.82484
339.5811,793.14118
339.5905,791.6084
339.4037,790.16225
339.3215,788.66757
339.0347,787.22954
339.0332,785.73947
338.9634,784.24191
339.0558,782.57716
338.6965,781.16016
338.4948,779.72042
338.4347,778.14008
338.4261,776.64821
338.3755,775.18163
338.1006,773.57244
338.0392,771.9625
337.8497,770.49891
337.7293,769.03703
337.6411,767.58475
337.4465,766.12741
337.375,764.66389
337.3874,763.03737
337.2107,761.59785
337.0448,760.14992
336.9857,758.63464
336.8666,757.1764
336.8664,755.68704
336.7107,754.13562
336.5561,752.55818
336.4733,751.07497
336.3336,749.60934
336.129,748.16424
336.1262,746.68069
336.0184,745.21807
335.874,743.59263
335.6578,742.14953
335.6444,740.67215
335.5558,739.14055
335.4741,737.66281
335.283,736.19736
335.0177,734.63891
334.9341,733.04674
334.7845,731.58594
334.6658,730.11725
334.677,728.66344
334.5095,727.19852
334.3412,725.74287
334.2999,724.12584
334.1629,722.67027
334.0275,721.2091
333.9703,719.67509
333.7235,718.23581
333.5435,716.77409
333.2927,715.1516
333.2546,713.6139
333.4117,712.10301
333.1686,710.64643
332.9197,709.21093
332.8024,707.73553
332.6965,706.21035
332.4929,704.64787
332.4153,703.1713
332.2404,701.69813
332.0198,700.18779
331.9662,698.70681
331.6742,697.2783
331.7257,695.50568
331.4876,694.07931
331.3205,692.62175
331.3444,691.13789
331.1448,689.71124
330.7995,688.28549
330.8658,686.67936
330.7092,685.19838
330.8038,683.709
330.6168,682.21014
330.5029,680.74222
330.5214,679.26259
330.1837,677.71112
330.0185,676.16345
329.9768,674.6775
329.8065,673.21103
329.558,671.75617
329.4709,670.28416
329.4044,668.7555
329.4436,667.1717
329.2168,665.71302
329.1255,664.21962
328.8621,662.73247
328.7659,661.26796
328.6599,659.75204
328.4618,658.09773
328.5133,656.59983
328.3971,655.14028
328.1326,653.70993
328.0893,652.2387
327.8986,650.7718
327.8673,649.15457
327.6879,647.71657
327.5177,646.26084
327.3217,644.7316
327.0838,643.30284
327.1855,641.81683
326.9751,640.1167
326.7981,638.66456
326.6256,637.22067
326.5726,635.70543
326.4478,634.25221
326.1785,632.8203
325.9243,631.20237
325.9737,629.68634
325.8538,628.22668
325.7882,626.65257
325.5704,625.21346
325.2101,623.79485
325.4049,621.97387
325.1793,620.52228
325.0387,619.06977
324.8053,617.64617
324.718,616.18404
324.5755,614.74013
324.4928,613.13966
324.2373,611.71163
324.1856,610.24687
324.0952,608.72209
324.0419,607.26697
323.8015,605.81285
323.773,604.14555
323.5724,602.69916
323.5613,601.21082
323.2009,599.79882
322.9808,598.34553
322.7779,596.87859
322.6941,595.29549
322.7293,593.80156
322.7268,592.29812
322.3384,590.82131
322.3391,589.3388
322.0862,587.82457
321.9379,586.21707
321.8606,584.74899
321.6223,583.30605
321.698,581.83754
321.4873,580.37341
321.0643,578.89516
320.9981,577.37401
321.0249,575.8877
320.9124,574.38341
320.803,572.91293
320.5911,571.46824
320.4293,569.84925
320.2328,568.34295
320.2454,566.87737
320.0707,565.38876
319.9206,563.94645
319.6892,562.51034
319.453,560.88626
319.3376,559.43895
319.095,557.97659
318.9397,556.46104
318.9402,554.96718
318.7363,553.42644
318.6085,551.81177
318.5027,550.34723
318.1904,548.91459
317.9723,547.49427
317.9693,546.01521
317.7405,544.48414
317.5856,542.99759
317.3911,541.55468
317.48,540.01012
317.1628,538.58296
316.9879,537.13645
316.8505,535.46604
316.7514,534.01059
316.5171,532.56073
316.4372,531.09803
316.3048,529.62864
316.0155,528.13262
315.6816,526.63691
315.648,525.15789
315.5263,523.64026
315.5426,522.12837
315.1673,520.70457
315.0772,519.029
314.8176,517.58034
314.6866,516.11231
314.6118,514.65556
314.4126,513.20983
314.3364,511.68518
314.1829,510.16136
314.0753,508.69038
313.7699,507.22112
313.6036,505.75596
313.6299,504.2815
313.3861,502.63855
313.2218,501.17138
312.9968,499.72176
312.9324,498.23234
312.7816,496.77263
312.5649,495.25338
312.4635,493.71559
312.235,492.26024
312.2361,490.69623
312.0327,489.24254
311.7369,487.78695
311.6143,486.08446
311.3704,484.64527
311.2754,483.1827
310.9043,481.78462
310.8859,480.30671
310.8146,478.75702
310.6159,477.28886
310.4778,475.82465
310.2473,474.34819
310.1435,472.88664
309.9591,471.3556
309.8628,469.79767
309.7193,468.33385
309.4634,466.88777
309.3362,465.43814
309.2198,463.94438
308.8743,462.39954
308.707,460.94334
308.632,459.44185
308.2608,457.99473
308.249,456.52348
307.9965,454.89195
307.8568,453.42337
307.7961,451.94822
307.5766,450.52213
307.1573,449.11653
307.2119,447.53425
307.0831,446.03989
306.7764,444.6009
306.693,443.09595
306.3574,441.6701
306.266,440.10112
306.2245,438.53581
306.0215,437.09411
305.8468,435.62164
305.6345,434.18381
305.3957,432.66471
305.1752,431.14639
305.1294,429.68381
305.0046,428.1422
304.6484,426.7236
304.4387,425.21712
304.2404,423.61777
304.0723,422.15909
303.9007,420.70895
303.8407,419.24899
303.64,417.77293
303.3101,416.27112
303.2438,414.79701
303.2328,413.27977
302.8793,411.85777
302.6109,410.36754
302.388,408.78636
302.32,407.30463
302.0502,405.85857
301.9685,404.39474
301.736,402.90931
301.5263,401.37699
301.4163,399.90136
301.324,398.38867
301.0577,396.93741
300.7845,395.43591
300.5675,393.84608
300.3144,392.41708
300.2496,390.93752
300.0551,389.50934
299.9591,387.97865
299.6406,386.48801
299.3621,385.0547
299.3013,383.52805
299.0376,382.10336
298.9814,380.5135
298.6646,379.01303
298.4738,377.55876
298.3173,376.07931
298.2072,374.62311
297.9916,373.06054
297.8064,371.58524
297.4538,370.13365
297.2299,368.63652
297.0089,367.19373
296.8801,365.47794
296.7521,363.99597
296.5708,362.54765
296.3164,361.13259
296.1257,359.6633
295.8288,358.16845
295.5819,356.71837
295.4968,355.22132
295.2771,353.78546
294.9657,352.2815
295.0404,350.71778
294.8085,349.26504
294.5923,347.82565
294.3301,346.38238
294.1174,344.84018
293.9094,343.38042
293.605,341.92487
293.4524,340.44754
293.1474,338.99015
292.9662,337.39489
292.8673,335.92888
292.7049,334.48611
292.399,333.05918
292.0098,331.59618
292.0308,330.06951
291.7431,328.62218
291.6099,327.14119
291.3466,325.70982
290.9711,324.12201
290.8727,322.66229
290.7591,321.18852
290.5532,319.7459
290.208,318.25819
289.9624,316.75895
289.7411,315.29894
289.5569,313.80433
289.2433,312.38061
289.0424,310.73218
288.8521,309.28918
288.4764,307.87922
288.4652,306.4144
288.213,304.92873
287.926,303.44816
287.6896,301.9972
287.5092,300.53424
287.2888,299.0679
287.0159,297.50744
286.796,296.06289
286.5751,294.61293
286.2328,293.18626
285.9685,291.66041
285.8212,290.18929
285.5772,288.70741
285.4241,287.24228
285.1443,285.72781
284.9718,284.19228
284.6611,282.76371
284.3821,281.33332
284.2257,279.87014
283.9488,278.35598
283.6617,276.92868
283.491,275.42908
283.1722,274.00436
282.9231,272.41929
282.8051,270.94555
282.5807,269.49212
282.2894,268.05726
281.963,266.54146
281.7855,265.06405
281.5935,263.57243
281.2421,262.139
280.8757,260.61339
280.7517,259.05421
280.5853,257.61167
280.1482,256.22784
279.9632,254.73852
279.7603,253.24818
279.5123,251.80157
279.1875,250.36991
278.9192,248.90014
278.7175,247.34922
278.484,245.90976
278.341,244.45652
278.1225,243.00182
277.6527,241.51363
277.2772,240.09095
276.9698,238.63067
277.0635,237.11102
276.6208,235.57038
276.1187,234.17615
276.0947,232.71018
275.7319,231.27762
275.4058,229.77902
275.1909,228.33451
274.8146,226.89301
274.6146,225.41493
274.3707,223.85996
274.1722,222.40654
273.8373,220.97868
273.5913,219.50143
273.4265,217.97668
273.0845,216.53555
272.7096,215.0851
272.3832,213.5874
272.0239,212.07627
271.8097,210.63493
271.5806,209.20506
271.2783,207.72916
270.9066,206.28542
270.5987,204.84229
270.3276,203.40059
269.9713,201.87043
269.676,200.42002
269.1862,199.01336
269.142,197.5429
268.9636,195.99164
268.433,194.59626
268.3385,193.09349
267.9839,191.62782
267.7999,190.0834
267.1704,188.70801
266.8118,187.29453
266.6444,185.78999
266.3475,184.33014
266.0636,182.86878
265.6831,181.45302
265.3717,179.88533
264.8432,178.49762
264.6956,177.03098
264.3692,175.56794
264.0453,174.0805
263.6344,172.63378
263.2555,171.19768
263.1273,169.5937
262.7917,168.12791
262.4403,166.72871
262.1446,165.29178
261.7835,163.82043
261.3633,162.40605
260.9799,160.98714
260.6781,159.47063
260.4808,157.99999
259.9773,156.59651
259.6597,155.15497
259.3022,153.68525
258.8982,152.24154
258.5897,150.81016
258.2593,149.26322
258.0001,147.81955
257.4605,146.44486
257.1381,144.98364
256.6848,143.55415
256.1691,142.13563
256.0049,140.66078
255.742,139.1247
255.3698,137.70456
254.8766,136.31296
254.5202,134.81319
254.2178,133.36778
253.7855,131.92435
253.4727,130.41579
253.0711,128.94898
252.6789,127.54864
252.1985,126.13951
251.8767,124.67809
251.5018,123.24532
251.1254,121.81305
250.7311,120.30713
250.2627,118.90439
249.8875,117.49421
249.5388,115.98743
249.1287,114.56618
248.7935,113.12656
248.2475,111.63336
247.6935,110.23384
247.3047,108.83214
246.7956,107.38275
246.4888,105.93441
246.0179,104.51871
245.6653,103.01386
245.1951,101.58178
244.7021,100.18707
244.2008,98.725868
243.8212,97.277863
243.4652,95.83283
242.9533,94.326193
242.4347,92.912949
241.9317,91.535651
241.5122,90.079265
241.0462,88.671319
240.7203,87.240033
240.1335,85.769616
239.5413,84.391076
238.9676,83.005811
238.5327,81.544548
237.8869,80.156783
237.346,78.726616
236.9853,77.239481
236.4212,75.86118
235.8738,74.449032
235.3459,73.032625
234.8114,71.63013
234.364,70.145073
233.9066,68.722091
233.1022,67.372541
232.6832,65.898685
232.0635,64.500513
231.5323,63.055482
231.0241,61.600774
230.394,60.247316
229.8073,58.825436
229.1261,57.449887
228.5388,56.046285
228.0246,54.588173
227.2898,53.233038
226.6079,51.826972
226.075,50.408541
225.4289,49.010557
224.7831,47.566984
224.0187,46.227899
223.4173,44.81277
222.7144,43.430835
222.072,42.027355
221.1177,40.649708
220.6118,39.250795
219.8557,37.841056
219.1046,36.461625
218.4128,35.040754
217.8098,33.617094
216.9279,32.299948
216.2607,30.904674
215.4028,29.567181
214.7412,28.138584
213.9477,26.795416
212.944,25.459438
211.9358,24.13161
211.0081,22.771688
210.298,21.378101
209.5394,20.028989
208.4247,18.71418
207.3869,17.39492
206.4198,16.020759
205.4209,14.714678
204.3118,13.379522
203.2436,12.064735
202.3097,10.665172
201.0648,9.421204
200.0288,8.089391
199.0196,6.77659
197.6398,5.483131
196.4535,4.213583
195.283,2.897587
193.717,1.665646
192.1573,0.40475
190.5943,-0.804093
189.0762,-2.046056
187.1655,-3.22534
185.1996,-4.390332
182.678,-5.452334
179.7748,-6.447263
175.2434,-7.200774
151.4926,-4.421848
128.1269,-1.739747
116.5193,-1.16843
110.8294,-1.649466
102.9035,-1.743716
92.14647,-1.327833
83.52224,-1.292099
75.82512,-1.409815
66.61947,-1.267565
57.69569,-1.180902
49.66989,-1.248433
40.95333,-1.206322
31.9506,-1.099465
23.63395,-1.103116
15.66212,-0.51368
